LAT,LON,CITY,DESCRIPTION,REF,REFDATA,BASIN_ID
35.0099,-80.7064,WESLEY CHAPEL, ANTIOCH CHURCH ROAD @ HIGHVIEW RD & 12 MILE CK ROAD @ W BR 12 MILE CREEK ,REF#UNN5,,9365
35.837,-81.4827,NORTH HUDSON, LITTLE GUNPOWDER CREEK HIGHWAY 321A @ GUNPOWDER CREEK,REF#CD6,,4972
35.6683,-80.4497,SALISBURY, N LONG AND PINE STREETS FLOOD WITH HEAVY RAIN,REF#RW8,,5337
35.6774,-80.7217,N OF MT ULLA, UMBURGER AND HALL ROADS @ WITHROW CREEK,REF#RW1,,5408
34.9815,-80.5557,MONROE,1 in/1 hour WINDSOR AND FRANKLIN ST FLD POOR DRAINGAGE,REF#UNN6B,,9418
34.980643,-81.975009,Spartanburg ,1 in/1 hr will flood underpasses under railroads howard- simuel rds,REF#SP19,,10767
35.2078,-80.7667,CHARLOTTE,"1.5""""/hr CAUSES BANKFULL FLOWS",WNFN7 (CLT IFLOWS),,8289
35.430848,-83.45146,BRYSON CITY,1.5/1 OR 2.28 /2HR FLOODS SLOPE AND BRYSON WALK @ BRYSON BRANCH ,REF#SW5,,8817
34.9915,-81.2065,se york,1.5/1.5 hr caused urban flding @limrick rd & alexander Love rd (hwy 5),REF#YR16,,9858
34.9915,-81.2065,se york,1.5/1.5 hr caused urban flding @limrick rd & alexander Love rd (hwy 5),REF#YR16,,10145
35.40815,-83.447685,sw bryson city,1.5/1hr flooded roads @jenkins branch sw bryson city,REF#SW4,,8910
34.7289,-82.3805,piedmont,1.5/2hr ANTIOCH CHRUCH RD /s harris rd urban flding,REF#GV31,,12681
34.785,-80.752982,4 NE LANCASTER,1.5+ IN 1 HR URBAN FLD SHILOH UNITY RD,REF#LA01,,0
34.7886,-82.4823,POWDERSVILLE,1.5+ IN 1 HR URBAN FLDING ON ANDERSON RD (81) & HWY 153,REF#AN13,,12679
34.8144,-82.443,sw greenville,1.5+ in one hr caused moderate urban flding anderson rd & hwy 81,REF#GV34,,12167
35.62165,-82.624397,asheville,1.5-2 in hr on wet grd Lees creek near Erwin High will overflow and fld lees ck rd,REF#BC12B ,,6841
35.4808,-82.6972,CANTON,"1.6""""/hr CAUSES NR BANKFULL STREAMFLOWS",BDCN7 (IFLOWS),,7637
35.335,-80.7744,CHARLOTTE,1.75 in/hr = MALLARD CRK BANKFULL RISES ,HIGN7 (CLT IFLOWS),,7310
35.335,-80.7744,CHARLOTTE,1.75 in/hr = MALLARD CRK BANKFULL RISES ,HIGN7 (CLT IFLOWS),,7484
35.16679,-80.85607,SENECA PLACE,1.75 in/hr WEDGEWOOD DR & MOCKINGBIRD LN @ LITTLE HOPE CK,REF#MK18 (LHCN7),,8609
35.588783,-82.529726,Asheville  NC,"1.75"""" an hour floods Tunnel Rd @ Ross Creek",REF#BC13,,7202
35.613689,-82.56423,Asheville,"1.75"""" an hour will flood Broadway St and WT Weaver BLVD @ Reed Creek",REF#BC14B,,7121
35.602323,-82.556655,Asheville  NC,"1.75"""" in an hour will flood Broadway St @ Reed Creek",REF#BC14A,,7121
35.1925,-80.8447,CHARLOTTE,"1.75""""/hr FLDS WESTFIELD ST",FPKN7 (CLT IFLOWS),,8001
35.3283,-80.9097,CHARLOTTE,10ft INDICATES AT LEAST FLD ADVISORY LVLS,LONN7 (DCP),,7550
34.645,-82.800556,Pendleton,18 MILE CK BLO PENDLETON,EMCS1,,13410
33.9973,-82.0941,CALLISON,2 + in 2 hr BOWIE & BETHEL RDS EAST OF CALLISON ON BEAVERDAM CREEK,REF#GW5A,,17459
35.7344,-81.298,E PART OF HICKORY,2 IN/6HR 20TH ST NE & N CENTER STREET @ LYLE CREEK  AND HERMAN BRANCH,REF#CT2,,5427
35.3317,-80.8264,CHARLOTTE,2 in/hr FLDS RDS NEAR GAGE,OLSN7 (CLT IFLOWS),,7455
35.2783,-80.8928,CHARLOTTE,2 in/hr FLDS STEWART CK,CLRN7 (CMUD IFLOWS),,7824
35.1736,-80.7306,CHARLOTTE,2 in/hr OR 3 in/3 hr FLDS ALG MCALPINE CK,EGWN7 (CLT IFLOWS),,8274
35.1736,-80.7306,CHARLOTTE,2 in/hr OR 3 in/3 hr FLDS ALG MCALPINE CK,EGWN7 (CLT IFLOWS),,8511
35.371,-80.4319,SE MT PLEASANT,2 TO 3 IN IN ONE HOUR  BARRIER STORE RD @ DUTCH BUFFALO CREEK,REF#CB9,,6820
35.3097,-80.4678,SE MT PLEASANT,2 TO 3 IN IN ONE HOUR HIGHWAY 200 @ DUTCH BUFFALO CREEK,REF#CB10,,7148
35.3097,-80.4678,SE MT PLEASANT,2 TO 3 IN IN ONE HOUR HIGHWAY 200 @ DUTCH BUFFALO CREEK,REF#CB10,,7226
34.8951,-83.0126,TAMASSEE,2 TO 3 INCHS IN 3 HOURS PINE MOUNTAIN AND RIDGE ROADS ,REF#OC1A,,11969
35.8103,-80.8808,STATESVILLE,"2""""/4hr URBAN FLDG",STATESVILLE DCP (STAN7),,4712
35.2953,-80.7961,CHARLOTTE,"2""""/hr FLDS DS ALG LITTLE SUGAR",DERN7 (CLT IFLOWS),,7542
35.2953,-80.7961,CHARLOTTE,"2""""/hr FLDS DS ALG LITTLE SUGAR",DERN7 (CLT IFLOWS),,7917
35.3128,-82.8717,BALSAM GROVE,"2""""/hr FLDS ROADS ALG DAVIDSON RVR",DNRN7 (IFLOWS),,9293
35.6197,-83.2069,CHEROKEE,"2""""/hr or 3""""/2hr WILL FLOOD STRAIGHT/RAVEN FORKS",CHKN7 (RAWS),,7236
35.6197,-83.2069,CHEROKEE,"2""""/hr or 3""""/2hr WILL FLOOD STRAIGHT/RAVEN FORKS",CHKN7 (RAWS),,7421
35.5825,-81.6356,SOUTH MTNS,"2""""/hr OR 3""""/3hr WILL CAUSE FLDG",SSPN7 (IFLOWS),,6429
35.5825,-81.6356,SOUTH MTNS,"2""""/hr OR 3""""/3hr WILL CAUSE FLDG",SSPN7 (IFLOWS),,6520
35.9585,-82.3219,N OF BURNSVILLE,2.00+ IN 1.5 HRS -JACKS CREEK ALONG JACKS CREEK RD,REF#YN7,,4960
35.7658,-82.84,SPRING CREEK,"2.3""""/90min FLDS HWY 209",RCHN7 (IFLOWS),,6152
35.7658,-82.84,SPRING CREEK,"2.3""""/90min FLDS HWY 209",RCHN7 (IFLOWS),,6157
35.7658,-82.84,SPRING CREEK,"2.3""""/90min FLDS HWY 209",RCHN7 (IFLOWS),,6458
34.1848,-82.2074,w greenwood,2.5 + in 6hr urban fld CHIQUPIN/GATE WOOD,REF#GW7,,16336
34.1848,-82.2074,w greenwood,2.5 + in 6hr urban fld CHIQUPIN/GATE WOOD,REF#GW7,,16362
34.553,-82.6866,south northlake area,2.5 in 1-2 hr Hembree ck flds business on hembree rd & salem church rd. ,REF#AN14,,14030
35.115,-80.9717,CHARLOTTE,2.5 in/1.5 hr FLDS STEELE CREEK,WKBN7 (CLT IFLOWS),,9051
35.15361,-80.95583,CHARLOTTE,2.5 in/hr FLDS JOHN PRICE RD,KNYN7 (CLT IFLOWS),,8830
35.3244,-80.8655,CHARLOTTE,2.5 in/hr FLDS RDS AROUND GAGE,HORN7 (CLT IFLOWS),,7596
35.18667,-80.73667,CHARLOTTE,2.5 in/hr FLDS STREETS,CAMN7 (STREAMGAGE),,8511
35.17583,-80.7975,CHARLOTTE,2.5 in/hr or 2 in/2 hr FLDS ALG MCMULLEN CK,SAFN7 (CLT IFLOWS),,9210
35.7353,-82.7961,SPRING CREEK,"2.5""""/2hr CAUSES FLOODING",LPCN7 (IFLOWS),,6367
35.1767,-82.6817,CEDAR MOUNTAIN,"2.5""""/2hr FLDS CASCADE LK RD",RCMN7 (IFLOWS),,9792
35.1767,-82.6817,CEDAR MOUNTAIN,"2.5""""/2hr FLDS CASCADE LK RD",RCMN7 (IFLOWS),,10070
35.1767,-82.6817,CEDAR MOUNTAIN,"2.5""""/2hr FLDS CASCADE LK RD",RCMN7 (IFLOWS),,10096
36.0983,-82.0431,VALLEY,"2.5""""/hr FLDS ROADS",RCAN7 (IFLOWS),,4098
35.2067,-80.92194,CHARLOTTE AIRPORT,"2.5""""/hr FLDS UPSTREAM @ AIRPORT CENTER PKWY",WSTN7 (CLT IFLOWS),,8204
34.6881,-82.796,CLEMSON,2.5/1hr SHAFTSBURY & ASHLEY RD @ 18 MILE CREEK,REF#PC3,,13390
33.987228,-81.02933,COLUMBIA,2.5+ / 1.HR URBAN ROAD FLDING,REF#RL3,,0
35.955403,-82.001465,0.5 S Ingalls,2.5+ 1 to 2hr  trib to N fk rvr will fld moble home park on green park rd and parts of hwy 19,REF#AV8B,,4772
34.1765,-82.2306,SW GREENWOOD,2.5+ 6HR RURAL FLD LOGAN RD/WOODLAWN RD,REF#GW8,,16413
35.9531,-82.020535,2.5 sw Spruce Pine,2.5+ in 1 to 2 hr washed out Fairview Church Road,REF# AV9,,4772
36.0989,-81.8085,grandfather mtn,2.5+ in 1 to 2 hrs will cause deep ponding of water on blue ridge pkwy and blowing rock hwy,REF#AV10,,3893
35.564,-80.3669,NE OF ROCKWELL,2.5+ IN 1-2 HR ST PETER CHURCH RD & KING RD @ 2ND CREEK,REF#RW17,,5699
35.564,-80.3669,NE OF ROCKWELL,2.5+ IN 1-2 HR ST PETER CHURCH RD & KING RD @ 2ND CREEK,REF#RW17,,5807
35.960119,-82.000966,1 S Ingalls,2.5+ in 1-2 hrs creek flds Mullin Hill Road (SR 1106) ,REF#AV8,,4772
35.63332,-80.348833,SE of Salisbury,2.5+ IN 2 HOURS BRINGLE FERRY ROAD @ UNNAMED CK,REF#RW15,,5150
34.7552,-83.0643,walhalla,2.5+ in 2 hr collins rd /e south boundary roads fld due to small creeks,REF#OC11,,13084
35.105199,-82.54677,w caesars head,2.5+ in 2 hr local cks flood oil camp ck- riverfalls and devils fork rds,REF#GV33,,10253
34.6908,-82.99308,nw of seneca,2.5+ IN 2 HR URBAN FLD Sheep farm rd  & hwy 76 urban flding,REF#OC8,,13226
34.6648,-82.9265,SENECA,2.5+ IN 2 HR URBAN FLD WELLS ST@ WEST SOUTH 4TH ST & BLUE RIDGE BLVD @ MARTIN CK,REF#OC4,,13478
34.8066,-82.9742,WEST OF LAKE KEOWEE,2.5+ IN 2 HR URBAN FLDING ALEXANDER AND CROOKED CREEK ROADS,REF#OC13,,12380
34.8066,-82.9742,WEST OF LAKE KEOWEE,2.5+ IN 2 HR URBAN FLDING ALEXANDER AND CROOKED CREEK ROADS,REF#OC13,,12722
34.4843,-82.4701,s belton,2.5+ in 2-3 hr hencoop creek flds clamp drive,REF#AN12,,14418
34.7347,-83.015,N OF SENECA,2.5+ IN 2HR URBAN FLD OLD WAHLAHA HWY,REF#OC12,,13226
34.7024,-83.00102,nw of Seneca,2.5+ IN 2HR urban flding  sheep farm rd and bountyland rd,REF#OC8A,,13226
34.882859,-82.283456,greer,2.5+ in 6 hr caused urban flding sugar ck rd & boiling springs rd,REF#GV29,,11597
35.033616,-81.96981,s boiling springs,2.5+ in 6 hr urban flding BLALOCK RD & HWY 9 ,REF#SP18,,10204
35.14917,-80.64222,MINT HILL,2.7 in/2hr FLDS ALG GOOSE CREEK,THON7 (CLT IFLOWS),,8473
34.6688,-82.8243,clemson univ,2.75 in 1-2 hrs causes flding @ hunnicutt ck,REF#PC19,,13442
35.2111,-82.2286,TRYON NC,2+ / 1 HR HOWARD ST FLDS DUE TO TRIB OF VAUGHN CK,REF#PK7,,9559
35.1874,-80.7536,5 se charlotte,2+ /1hr flded apts on cedars east court @ trib to campbell ck,REF#MK27 (camn7),,8511
34.5194,-82.465,BELTON,2+ IN /2HRS BLAKE DAIRY ROAD FLDS @BROADWAY MOUTH CREEK ,REF#AN11,,14167
34.5278,-83.5017,mt airy,2+ in 1-1.5 hrs Camp creek flds wilson rd,REF#HB5,,14592
34.5094,-83.5268,Cornelia,2+ IN 1-1.5 HRS S FK MUD CREEK FLDS MOSS AND S MAIN ST,REF#HB6,,14982
35.125,-82.4253,BELOW NORTH SALUDA DAM,2+ in 1-2 hr caused washout of parts of Divided water rd near garren rd,REF#GV30,,9996
34.7213,-82.2857,SIMPSONVILLE,2+ in 2 hr urban flooding neely ferry rd ,REF#GV35,,12531
34.597748,-82.625341,anderson,2+ in 2 hr urban SHACKLEBURG RD & CONCORD RD,REF#AN10,,13429
34.597748,-82.625341,anderson,2+ in 2 hr urban SHACKLEBURG RD & CONCORD RD,REF#AN10,,13877
36.044952,-80.510704,8 N MOCKSVILLE,2+ IN 2 HRS HAUSER CK FLDS REDIFIELD ROAD CUTTING OFF HOMES,REF#DV5,,3215
35.0123,-82.4461,EAST SLATER,2+ IN 3 HR URBAN FLD WHITE HORSE RD/TUBBS MTN RD,REF#GV36,,10540
34.7939,-82.1825,2 SE FIVE FORKS,2+ IN 3 HRS LEE VAUGH RD FLDS @ PETERS CREEK,REF#GV37,,12003
34.855,-80.946,CATAWBA,2+ IN 6 HR FLD HALL SPENCER RD @ NEELYS CREEK,REF#YR18,,10795
34.19993,-82.171909,greenwood,2+ in 6 hr urban fld MCGEE CRT& MONTAGUE AVE,REF#GW6,,15948
34.19993,-82.171909,greenwood,2+ in 6 hr urban fld MCGEE CRT& MONTAGUE AVE,REF#GW6,,16079
34.4762,-82.58067,BELTON,2+ IN 6HR URBAN FLD SHIRLEY STORE RD/BELTON HWY ,REF#AN16,,14487
34.4762,-82.58067,BELTON,2+ IN 6HR URBAN FLD SHIRLEY STORE RD/BELTON HWY ,REF#AN16,,14753
33.94286,-81.8263,4 sw saluda,2+ in one hr flds pencreek road @pen creek,REF#SL04,,0
35.9989,-81.5317,PATTERSON,2+ IN/1 HR  INDIAN GRAVE ROAD@YADKIN RIVER FLOODS...VERY LOW BRIDGE.,REF#CD14,,4247
34.5117,-82.53,sw belton,2+ inch flds james cox road @ pea creek,REF#AN17,,14350
34.9599,-81.9116,ne spartanburg,2+ URBAN FLDING AT HEYWOOD/E MAIN ST,REF#SP21,,10722
35.0906,-81.6778,gaffney,2+/ 1.5 hr lincoln drive will flood @ Irene creek,REF#CK7,,9759
33.5585,-80.7144,CAMERON,2+/ 1.5 HR URBAN Road Flding In & Ard Cameron,REF#CH1,,0
35.9547,-81.5459,LENIOR,2+/1 HR  BUILDINGS FLOODED JOHN KIRBY PLACE...OFF INDIAN GRAVE RD @ FORK CK.,REF#CD12,,4421
36.0218,-81.4822,patterson,2+/1 hr PINEY GROVE CIRCLE floods @ piney branch ,REF#CD13,,4021
36.0298,-81.5125,BUFFALO COVE AREA,2+/1HR flds low water crossing bridges along on riverside near buffalo creek,#REFCD15,,3941
34.7128,-82.3602,south greenville,2+/in 2 hr urban fld on REEDY FORK RD and blakely ave,REF#GV32,,12685
35.9046,-81.56577,LENIOR,2-2.5 /1 HR URBAN FLOODING OF LENOIR PENTECOSTAL HOLINESS CHURCH PARSONAGE             ,REF#CD10B,,4707
35.9132,-81.6009,lenior,2-2.5 in/one hour BROOKSHIRE RD FLOODS @TRIB TO ABINGTON CK WATER,REF#CD10A,,4753
36.0117,-82.6403,CARMEN,"2-2.5""""/hr CAUSES FLDG",BIGN7 (IFLOWS),,4678
35.9471,-81.5432,LENIOR,2-2.5/1 HR  URBAN FLOODING ECHO DRIVE,REF#CD11,,4421
34.9965,-81.114,newport/indiantrail,2-21/5in one hr caused drainage/urban flding on hwy 161 & paraham rd,REF#yr17,,10000
35.1805,-82.509,5 SW TUXEDO,2-3 INCH 2HRS fld Blueberry farm rd,REF#HN11,,9634
36.0963,-81.5296,BUFFALO COVE,2-3 INCH IN 1-2 HRS FLDS RDS ALONG JOES CK/ELK BRANCH ,REF#CD4,,3699
34.75599,-83.079515,Walhalla,2-3 inch in 2 hrs campbelltown rd flds @ trib to Negro fk creek,REF#OC09,,13013
35.8737,-80.4386,south advance,2-3 inch in 2.5 hrs urban/draingage flding hwy 801 & hwy 64,REF#DV4,,3970
35.8737,-80.4386,south advance,2-3 inch in 2.5 hrs urban/draingage flding hwy 801 & hwy 64,REF#DV4,,4277
35.733276,-81.186304,CLAREMONT,2IN/ 6 HRS ST JOHNS CHURCH RD FLOODS ,REF#CT8,,5333
35.7256,-81.2246,N OF CONOVER,2IN/1.5HR COUNTY HOME ROAD NR 13TH ST NW @ LYLE CREEK,REF#CT3,,5414
35.7572,-81.1645,claremont,2in/6 hrs 3-4in/12hr flds Community & Riverbend Rds & homes@lyle creek,REF#CT7,,5305
36.019774,-81.925414,Crossnore,3 + inch 2-3 hrs will likely flood Maple st on Crossnore creek,REF#AV13,,4213
35.2247,-80.8872,CHARLOTTE,3 in/hr FLDS W MOREHEAD ST,REMN7 (CLT IFLOWS),,8220
35.9117,-81.1375,TAYLORSVILLE,"3""""/2hr BRINGS STREAMS TO BANKFULL",TAYN7 (RAWS),,4413
35.1483,-82.7083,CONNESTEE,"3""""/6hr FLDS CASCADE LK RD",CFFN7 (IFLOWS),,10056
35.5361,-83.285,CHEROKEE,"3""""/6hr FLOODS WHITEWATER DRIVE",TOSN7 (RAWS),,8055
35.6828,-80.6069,BARBER,"3""""/6hr THRESHOLD FOR FLDG",BBRN7 (DCP),,5205
35.9536,-81.9003,JONAS RIDGE,"3.25""""/12hr FLDS JOHNS RVR",JSRN7 (IFLOWS),,4916
35.5253,-80.4393,sw rockwell area,3.5 in/ 4 hr old beatty ford rd @ trib to 2nd creek,REF#RW13,,5928
34.9656,-83.396,dillard,3.5+ 24 hr caused sutton branch to fld neville rd,REF#RB3B ,,11803
34.5447,-82.465,ne of belton sc,3.5+ in 12 hrs flds benton rd @ broadmouth ck,REF#AN18,,14069
34.345,-82.0874,1.5 wsw waterloo,3+ /1.5 hr long lick branch flds todd quarter rd,REF#LR06,,15084
35.271376,-83.76822,NORTH OF ANDREWS,3+ 12 HR CAUSES MINOR FLDING ON ANDERSON CREEK RD @ ANDERSON CRK,REF#GH07,,10054
35.30318,-83.81135,south of Robbinsville,3+ 12hr causes minor flooding on long creek RD @LONG CREEK,REF#GH06,,10118
35.7256,-82.5667,2 mi N Weaverville,3+ 1-2hrs Eden Glenn Mobile Home Park ON New Covenant and gospel way RDs @ Flat creek ,REF#BC11,,6380
34.5323,-82.7216,CENTERVILLE,3+ 2HR SALEM CK FLDS GERRARD RD,REF#AN15,,14242
34.7691,-82.7984,4 SSE SIX MILE,3+ 2hrs small ck flds silver ck rd,REF#PC13,,12599
35.207215,-80.7609,CLT,3+ in 1 to 1.5hrs = teal pointe apartments begin to flood trib to edwards branch ,REF# MK15B,,8289
35.5373,-82.8686,canton nc,3+ in 1-2 hr = urban poor draingage fld old clyde rd btw morgan and harkins rds,REF#HW13,,7679
35.1126,-83.398,4 s Franklin,3+ in 2 hr flds Addington Bridge Rd @ skeenah ck,REF#MC9,,10859
35.31,-83.52,SE OF WESSER,3+ IN 2 HR LITTLE TN RVR FLOODS NEEDMORE ROAD,REF#SW2,,9671
35.5206,-83.3086,2 west eastanollee,3+ in 2 hr rural fld buena vista dr/ freeman ck rd,REF#ST9,,8159
34.4149,-81.9372,4 s laurens,3+ in 2 hrs apple orchard rd flds at north creek,REF#LR7,,14065
34.4149,-81.9372,4 s laurens,3+ in 2 hrs apple orchard rd flds at north creek,REF#LR7,,14328
34.3503,-81.8933,6 SW Joanna ,3+ in 2 hrs flds jefferson davis rd on little creek,REF#LR9,,14803
35.2792,-81.5003,Shelby,3+ in 2 hrs urban flds DeKalb- North Post- Kings Rds,REF#CV2C,,8328
34.8195,-82.5756,easley,3+ in 2-3 hr Laurel rd @ middle branch brushy ck flds,REF#PC17,,12244
34.932,-83.2633,10 W PIMG1,3+ IN 2-3 HR no flding only forest land,REF#RB10,,12195
34.6788,-82.8457,clemson univ,3+ in 2-4 hrs flds areas on either side of perimeter rd,REF# PC20,,13442
35.19,-82.5,4 wsw tuxedo,3+ IN 2HR & EFLN7 101.5 HP FLDS BOBS CREEK RD,REF#HN11B,,9634
34.5934,-83.3454,1 nw Toccoa,3+ in 4 hrs Falls rd flds @ toccoa ck,REF#ST8,,14320
34.6041,-83.4332,clarksville,3+ in 6 hr flds gladeck parkway @ glade ck,REF#HB7,,14342
34.317246,-81.583314,ne newberry,3+ in 6 hrs urban fld mt bethel garmany rd & i-26,REF#NB01,,0
35.111203,-80.37632,RICHARDSON CREEK,3+ in this area caused farmland flding only NO FLDING on richardson ck use FLS,REF#UNN10,,8544
35.032245,-82.039547,Spartanburg,3+ inch = I26WB 15-16MM flds,REF#SP15,,10330
34.6124,-83.3528,CEDAR CREEK RSVR,3+ inch...ANDERSON RD @ CEDAR CREEK,REF#ST7,,14217
34.558801,-83.316997,TOCCOA,3+ inch...COLLILIER ROAD @EASTANOLLEE CREEK,REF#ST1A,,14545
34.2753,-83.2657,CROMERS,3+ inch...CROMERS BRIDGE & BAKERS RDS @ NAILS CREEK,REF#FR1,,16406
34.5789,-83.2912,E OF TOCCOA,3+ inch...FERNSIDE DRIVE & PINECREST RDS @ WARDS CK,REF#ST2,,14391
34.6199,-83.3068,N OF TOCCOA,3+ inch...OLD ROTHELL ROAD @ LITTLE TOCCOA CREEK,REF#ST3,,14012
34.6199,-83.3068,N OF TOCCOA,3+ inch...OLD ROTHELL ROAD @ LITTLE TOCCOA CREEK,REF#ST3,,14320
34.5693,-83.3253,TOCCOA,3+ inch...S POND ST HOUSING AUTHORITY  & COLLINS RD @ EASTANOLLEE CK,REF#ST1,,14545
34.3008,-83.16428,FRANKLIN SPRINGS,3+ inch...VICTORIA BRYANT ST PARK CAMPGRD @ RICE CREEK,REF#FR2,,16285
35.0434,-82.09053,Inman,3+ inch= flding on US176 and SC292,REF#SP16,,10424
35.089,-80.493,NE Monroe,3+ inches in 1.5hr causes urban flooding as ditchs fill and overflow on SIKES MILL RD @ love Mill rd. Use fld advisory,REF#UNN13,,9056
35.0829,-80.4764,NE Monroe,3+ inches in 1-2 hr causes advisory level urban flooding on E Lawyer rd as ditchs fill with water.,REF#UNN12,,9056
33.9891,-82.8036,WEST OF BELL,3+ inches...RIVER ROAD @ FALLING CREEK AND ANOTHER CREEK NORTH ,REF#EL2,,18220
33.9987,-82.749,FORTSONIA,3+ inches...RIVER ROAD @ WAHACHEE CREEKS,REF#EL3,,18034
33.9987,-82.749,FORTSONIA,3+ inches...RIVER ROAD @ WAHACHEE CREEKS,REF#EL3,,18192
35.0002,-80.4437,north of Wingate,3+ inchs in 1.5 hr causes ditchs to overflow and flood McIntyre Rd. use fld advisory,REF#UNN8A,,9015
34.4104,-83.0696,N OF BOWERSVILLE,3+ inchs...CANEY BRANCH RD @ CANEY BRANCH,REF#HT3,,15162
34.541136,-83.338315,SW TOCCOA,3+ inchs...CARNES CREEK RD @ CARNES CREEK,REF#ST5,,14735
34.252,-82.9825,EAGLE GROVE,3+ inchs...EAGLE GROVE SCHOOL ROAD @ ROBINSON CREEK,REF#HT6,,16560
34.3595,-82.9923,N FLAT SHOALS,3+ inchs...FLAT SHOALS ROAD @ TRIB TO LAKE HARTWELL,REF#HT4,,15638
34.3734,-82.9657,NW HARTWELL,3+ inchs...FRED KING RD @ TRIB TO LAKE,REF#HT4A,,15615
34.3483,-83.0909,CANNON,3+ inchs...HOKE HILL RD @ BEAVERDAM CREEK,REF#HT1,,15890
34.2948,-83.1018,ROYSTON,3+ inchs...MILL CIRCLE ROAD @ TRIB TO BEAVERDAM CK,REF#HT1A,,15890
34.347,-82.9117,SE HARTWELL,3+ inchs...PARKDALE DR/LIBERTY HILL/CRAFT RDS @ LITTLE CEDAR CK,REF#HT5,,15772
34.2482,-82.9327,SW OF HARTWELL,3+ inchs...SHILOH CHURCH RD @ COLDWATER CREEK,REF#HT6A,,16463
34.3301,-83.0487,EAGLE GROVE,3+ inchs...WATERSHED ROAD @ MOREA CREEK,REF#HT2,,15942
34.5383,-83.1869,E OF TOCCOA,3+ inchs..YOW MILL AND HAYES RD @ LITTLE EASTANOLLEE CREEK,REF#ST4,,14511
35.0173,-81.955014,se Boiling Springs,3+ rain 1 hr will fld homes in savannah acres/chateau st @ big shoally creek,REF#SP17,,10204
34.7627,-82.8118,4 m south six mile,3+ todds ck flds browning/todds cr rds,REF#PC12,,12894
34.6514,-83.2477,10 w westminister,3+/ 1.5 hr longnose ck flds cleveland pike rd ,REF#OC10,,13666
34.9223,-82.7199,5 north of pickens,3+/ 1.5 hrs city lake rd flds @haggood branch,REF#PC15,,11332
34.8924,-82.6949,NE PICKENS,3+/1.5HR FLDS Holder Ford Rd @ TOWN CK,REF#PC16,,11765
34.89364,-82.413619,north greenville,3+/1-2hr- homes fld along Dukeland drive and Langston dr @ Langston ck,REF#GV28,,11591
34.454,-81.9316,3 sw clinton,3+/2 hr north creek flds ab jacks road ,REF#LR8,,14065
35.9833,-81.91,nw of jonas ridge,3+in /1-3 hr = flding along camp creek btwn hwy 183 & blue ridge pkwy,REF#BK18,,4450
35.4,-80.607,CONCORD,3-4 IN 2 HR URBAN FLD CONCORD PARKWAY & WARREN C COLEMAN & OTHER RDS IN TOWN,REF#CB17,,6560
34.18,-82.83,6 nw norris,3-4 in 2hr -hwy 133 nr mt olivet rd flds due ck,REF#PC14,,16868
34.5109,-83.2694,6 SSE TOCCOA,3-4 IN/ 2HRS turner rd and Dortch Roads flood @ toms ck.  ,REF#ST6,,14861
35.233,-80.8544,FRAZIER PARK,4 & 5TH ST WESTBROOKDRIVE/BRYANT ST @ IRWIN CK,REF#MK9,,7931
35.734,-81.377,longview,4 in /2 hrs will cause flding along frye ck @ 23 & 19 st in Longview.,REF#CT9,,5387
35.639307,-82.578256,Woodfin area,"4"""" of rain in 3 hr caused a small stream to flood 6 homes along Weaverville Road.",REF#BC15,,6753
35.3506,-82.7786,DAVIDSON RIVER,"4""""/12hr FLDS DAVIDSON RVR",DARN7 (RAWS),,8835
35.3506,-82.7786,DAVIDSON RIVER,"4""""/12hr FLDS DAVIDSON RVR",DARN7 (RAWS),,8963
35.2297,-82.8732,BALSAM GROVE,"4""""/12hr FLOODS ROSN7",BSGN7 (IFLOWS),,9600
35.1242,-82.9075,LAKE TOXAWAY,"4""""/12hr FLOODS ROSN7",LTYN7 (IFLOWS),,10421
34.850439,-82.119541,SW REIDVILLE ,4.5+/ 2HR REIDVILLE SHARON RD FLD @ TRIB TO BENS CK,REF#SP20,,11658
36.0636,-81.7242,NW OF GLOBE,4+ in 1.5 hr floods ANTHONY & RACKETT RD ALONG graggy prong & ANTHONY CREEKS ,REF#CD1,,3702
35.9333,-81.26466,ELLENDALE,4+ IN 12HR 2+/1.5HR FLOODING ALONG All Healing Springs and Zeb Watts RD @ BEARVER BRANCH,REF#AX8,,4279
35.9455,-81.2569,TAYLORSVILLE,4+ IN 12HR/2+/ 1 HR DAVID HERMAN RD BRIDGE FLOODS @ TRIB TO LAMBERT FORK,REF#AX7,,4180
35.97363,-81.9972,ingalls,4+ in 24 hrs =flding mullen hill rd @ 3 mile creek,REF#AV11,,4535
35.314635,-82.054238,5 sw rutherfordton,4+ in 24 hrs will fld Abrams Moore Rd and green river cove rds,REF#PK6 ,,8433
35.9991,-81.9286, n orth of altamont,4+ inch in 24 hr + flooding roads off of hwy 221/194 along Linville river ,REF#AV12,,4342
34.645,-81.0383,1/2 btwn great falls & chester,4-5 inch in 3 hrs did not cause flding along rocky creek ,REF#CS8,,12115
34.645,-81.0383,1/2 btwn great falls & chester,4-5 inch in 3 hrs did not cause flding along rocky creek ,REF#CS8,,12136
33.9971,-81.0199,Columbia,5 POINTS AREA  @ Rocky Branch Creek,REF#RL1,,0
35.397,-83.8673,santeetlah dam,7000 cfs discharge flds hwy 129/tapoco rd ,REF#GH08,,9343
35.414167,-80.751944,8 NW HARRISBURG,9ft HERE INDICATES DOWNSTREAM FLOODING,CKCN7,,6725
35.414167,-80.751944,8 NW HARRISBURG,9ft HERE INDICATES DOWNSTREAM FLOODING,CKCN7,,6859
34.86085,-82.440634,GREENVILLE,AGNEW RD & HWY 253 @ LONG BRANCH,REF#GV5,,11843
34.2366,-82.1498,N GREENWOOD,AIRPORT ROAD @ ROCKY CREEK,REF#GW2,,15888
34.151,-82.3453,ABBEVILLE,AIRPORT ROAD AND HERRON DRIVE FLOODS @ BLUE HILL CREEK,REF#AB2,,16550
35.3985,-81.172,HIGH SHOALS,ALEXIS HIGH SHOALS RD @ HOYLE CREEK,REF#GS2,,6884
35.42,-82.98,WAYNESVILLE,ALLEN CREEK HEADWATERS (WATERSHED PROPERTY),NOTHING TO FLOOD,,8635
34.6451,-82.8003,SANDY SPRINGS,ALONG 18 MILE CK NR PENDLETON & US 76,REF#AN2,,13410
36.0163,-81.4024,N OF KINGS CREEK,ALONG GRANDIN ROAD AT KINGS CREEK,REF#CD9,,4055
35.9868,-81.7614,MORTIMER,ALONG WILSON CK & TRIBS ON HWY 90 NR MORTIMER ,REF#CD2,,4442
35.8999,-82.0353,SPRUCE PINE,ALTAPASS- WALNUT STRAIGHT- HALLTOWN AND CARPENTER ROADS @ N TOE,REF#ML1,,4981
34.4889,-83.6012,NW BALDWIN,ALTO MUD CK- THOMPSON- WILBANKS & CREASY PATCH RDS @ LIT MUD/ S FR MUD CK,REF#HB4,,15109
35.5673,-82.5718,SW ASHEVILLE,AMBOY ROAD @ FRENCH BROAD RIVER,REF#BC4A,,7382
35.8321,-82.7506,SW WALNUT,ANDERSON BRANCH RD @ BIG PINE CREEK,REF#MS13,,5935
34.5852,-82.5486,10 nw anderson,anderson Jockey lot,REF#AN9,,13744
35.4869,-82.1105,W OF SHINGLE HOLLOW,ANTIOCH ROAD @ CEDAR CREEK,REF#RT2,,7487
34.961952,-82.205973,GREER,APALACHE,DAM,,10915
34.8818,-82.284,greenville,approachs to Boiling Springs rd @ brushy ck will flood,REF#GV8A (BRSS1),,11597
34.9752,-81.9174,FAIRVIEW HEIGHTS,ARCHER RD @ LAWSON FORK CK,REF#SP8A,,10575
35.2536,-81.2526,S OF BESSEMER CITY,ARCHIE WHITESIDE & SELWYN STREETS @  ABERNATHY & CROWDERS CREEKS,REF#GS4A,,8340
35.14583,-80.92694,S OF CLT,ARROWOOD CREEK DR APARTMENTS AND WHITEHALL RD @ COFFEY CK,REF#MK21 (COFN7),,8344
35.7878,-82.5152,NW DEMOCRAT,ARROWOOD RD @ IVY RIVER,REF#BC10,,5950
33.48,-82.14,NEAR EVANS,ARROWWOOD TRAILER PARK ON WRIGHTSBORO ROAD,REF-CO1,,0
35.71,-82.3,MONTREAT,ASHEVILLE WATERSHED,NOTHING TO FLOOD,,6254
35.10172,-80.71964,MATTHEWS,ASHLEY CREEK DR @ FOUR MILE CK,REF#MK26,,8869
34.99,-80.37,MARSHVILLE,AUSTIN GROVE CHURCH RD- W UNION ST & AUTUMN CARE ST @ BUCK BRANCH,REF#UNN9,,9226
35.3079,-80.6219,HARRISBURG,BACK CK FLDS STALLINGS RD,REF#CB12A,,7491
34.984,-83.3073,COMMISSIONERS PARK,BALD MOUNTAIN ROAD @ MIDDLE CREEK ,REF#RB4,,11779
35.9809,-82.4266,BALD MOUNTAIN,BALD MTN CREEK FLDS BALD MTN RD,REF#YN8,,4826
35.3531,-82.4638,MUD CREEK,BALFOUR & BROOKSIDE CAMPS @ MUD CK,REF#HN3A (HVLN7),,8638
35.5657,-83.1746,maggie valley 6ne,Balsam Mountain campground,REF#SW6,,7907
35.3519,-82.5563,HORSE SHOE,BANNER FARM RD BACKWATER ON TRIB TO FB RVR,REF#HN6,,8705
35.3519,-82.5563,HORSE SHOE,BANNER FARM RD BACKWATER ON TRIB TO FB RVR,REF#HN6,,8971
35.2146,-81.6954,SW OF BOILING SPRINGS,BARGES COULD BE LOST...EQUIPMENT FLOODED,REF#CV4,,8932
34.6015,-83.0966,RETREAT,BARRT WAY NEAR CHOESTOEA CREEK,REF#OC6,,14082
35.4514,-82.2872,BAT CAVE,BAT CAVE FLOODING @ ROCKY BROAD RIVER,REF#HN10 (BCVN7 BANKFULL @ 6ft,,7858
35.4514,-82.2872,BAT CAVE,BAT CAVE FLOODING @ ROCKY BROAD RIVER,REF#HN10 (BCVN7 BANKFULL @ 6ft,,7948
35.697,-82.7003,NW OF LEICESTER,BEAR CREEK RD & TURKEY CREEK RD @ SOUTH TURKEY CREEK,REF#BC9,,6653
35.2092,-83.0892,BIG RIDGE,BEAR CRK IFLOWS RAINGAGE,IBCN7 - NOTHING TO FLOOD,,9768
34.7466,-83.4785,SW LAKEMONT,BEAR GAP ROAD CLOSES WITH HEAVY RAIN 5+ INCHES,REF#RB8,,13332
35.16972,-80.98778,CHARLOTTE,BEAVERDAM CK ACTION STG 7ft,BVRN7,,8624
34.9753,-82.1956,GREER,BEAVERDAM CK FLDS BECKY GIBSON RD @ 10ft,LLYS1,,11190
35.65306,-82.40528,SUMMERHAVEN,BEETREE CREEK FLD STG @ 15ft,BETN7 (ABV RESERVOIR),,6464
33.5345,-80.8077,ORANGEBURG,BELLEVILLE RD @ LITTLE BULL CK,ref#OR1,,0
34.7051,-81.1563,EAST CHESTER,BELTLINE ROAD @ GRASSY RUN BRANCH ,REF#CS2,,11799
34.7051,-81.1563,EAST CHESTER,BELTLINE ROAD @ GRASSY RUN BRANCH ,REF#CS2,,11833
35.21306,-80.99056,CHARLOTTE,BERRYHILL ES RAINGAGE,WKFN7 (CLT IFLOWS),,8216
35.21306,-80.99056,CHARLOTTE,BERRYHILL ES RAINGAGE,WKFN7 (CLT IFLOWS),,8412
34.887673,-82.10127,REIDVILLE,BERRY'S POND,DAM,,11180
34.887673,-82.10127,REIDVILLE,BERRY'S POND,DAM,,11385
34.7713,-82.288467,MAULDIN,BETHEL RD AND HWY 417 ,REF#GV17,,12210
34.7713,-82.288467,MAULDIN,BETHEL RD AND HWY 417 ,REF#GV17,,12304
34.9779,-83.4202,DILLARD,BETTY CREEK RD @ OWEN- CARSON AND BEAVER BRANCHES,REF#RB3A,,11803
34.9684,-83.3901,DILLARD,BETTY CREEK RD/ HWY 23/441 @ BETTY CREEK ,REF#RB3,,11803
35.5569,-83.25,CHEROKEE RESERVATION,BIG COVE RD RAVEN/STRAIGHT FORK CREEKS,REF#SW3,,7877
35.75466,-83.1071,Waterville 8 ne,Big Creek campground,REF#HW10,,6633
35.912,-82.6568,RICE MILL ,BIG LAUREL RD US 23 @ BIG LAUREL CREEK,REF#MS6,,5242
35.2808,-83.9131,SW OF ROBBINSVILLE,BIG SNOWBIRD RD @ SNOWBIRD CREEK ,REF#GH2 (CHFN7),,10293
35.2985,-82.5628,BOWMAN BLUFF,BIG WILLOW CK AND RIVER ROADS @ WILLOW CK ,REF#HN5A,,9014
36.0904,-81.9992,FRANK,BIRCHFILED ROAD @ BIRCHFIELD CREEK flds with 3 to4 inch,REF#AV4,,3917
35.1401,-80.8604,HUNTINGTOWNE PARK,BIRMINGHAM DR @ LITTLE SUGAR CK,REF#MK19 (LSAN7),,8651
34.920915,-83.414083,MT CITY GA,BLACK ROCK MTN ST PARK CAMPGRD @ GREASY CREEK,REF#RB2,,12110
34.9025,-81.0053,ROCK HILL,BLACKMON ST & HAWKFIELD RD @ TAYLORS CREEK,REF#YR12,,10363
35.3007,-83.1442,EAST LAPORT,BLACKWOOD & CANEY FORK RDS @ CANEY FORK CK ,REF#JC2,,9473
34.5374,-83.4792,NW OF MT AIRY,BLAIR ROAD @ LITTLE HAZEL CREEK,REF#HB3,,14577
35.2241,-80.8767,STEWART CREEK,BLDGS BTW W MOREHEAD ST & WILKINSON BLVD @ STEWART CK,REF#MK7A,,8086
35.2241,-80.8767,STEWART CREEK,BLDGS BTW W MOREHEAD ST & WILKINSON BLVD @ STEWART CK,REF#MK7A,,8220
35.40482,-80.8866,HUNTERSVILLE,BRADFORD HILL LANE & GILEAD RD @ TORRANCE & MC DOWELL CREEKS,REF#MK2 (MDHN7/TORN7),,6765
35.40482,-80.8866,HUNTERSVILLE,BRADFORD HILL LANE & GILEAD RD @ TORRANCE & MC DOWELL CREEKS,REF#MK2 (MDHN7/TORN7),,6905
35.40482,-80.8866,HUNTERSVILLE,BRADFORD HILL LANE & GILEAD RD @ TORRANCE & MC DOWELL CREEKS,REF#MK2 (MDHN7/TORN7),,7070
35.40482,-80.8866,HUNTERSVILLE,BRADFORD HILL LANE & GILEAD RD @ TORRANCE & MC DOWELL CREEKS,REF#MK2 (MDHN7/TORN7),,7085
34.5305,-82.5132,BELTON,BREAZEALE AND KAY STREETS BELTON ,REF#AN6,,14028
35.5406,-81.7025,NE CORNER OF COUNTY,"BRIER CREEK RD @ BRIER CREEK 4.0""""/2 hrs",REF#RT4 (DIVN7),,6688
35.5406,-81.7025,NE CORNER OF COUNTY,"BRIER CREEK RD @ BRIER CREEK 4.0""""/2 hrs",REF#RT4 (DIVN7),,6718
35.5406,-81.7025,NE CORNER OF COUNTY,"BRIER CREEK RD @ BRIER CREEK 4.0""""/2 hrs",REF#RT4 (DIVN7),,6801
35.21083,-81.69778,BOILING SPRINGS,BROAD RVR AT BANKFULL @ 10 ft,BSPN7,,8932
34.394454,-81.397254,BLAIR,BROAD RVR AT BLAIR,BLRS1 (CAE FCST PT),,0
34.8224,-82.5783,EASLEY,BROOKWAY DR- NANCY & HAYES RDS @ MIDDLE BRANCH,REF#PC4A,,12244
35.1215,-81.5092,BLACKSBURG,BRUGG & WHISONANT STREETS @ DOLITTLE CREEK  ,REF#CK2,,9729
34.8631,-82.2508,GREER,BRUSHY CREEK @ DRY POCKET RD,BRCS1,,11597
36.2397,-81.9146,FLAT SPRINGS,BUCKEYE ROAD ALONG CLINGMAN MINE BRANCH 2 IN 1 HOUR,REF#AV1,,3137
36.2397,-81.9146,FLAT SPRINGS,BUCKEYE ROAD ALONG CLINGMAN MINE BRANCH 2 IN 1 HOUR,REF#AV1,,3273
35.7614,-80.9172,SW STATESVILLE,BUFFALO SHOALS RD @ THIRD CREEK,REF#IR5,,4819
35.63139,-82.47194,RICEVILLE,BULL CREEK FLDS RICEVILLE COMM CENTER @ 8ft,RCVN7,,6790
36.0235,-80.9962,SE GILREATH,BURKE FARM LOOP @ DISHMON CREEK,REF#IR6,,3635
35.2437,-82.7358,BREVARD,BURRELL  & RAIL ROAD AVENUES ,REF#TR1A,,9705
35.4067,-82.5311,BRICKTON,BUTLER BRIDGE OVER FRENCH BROAD RIVER.,REF#HN7,,8351
34.2146,-82.1555,GREENWOOD,BYPASS AT BURTON PLAZA AND PARTS OF LAUREL ST ROCKY CK,REF#GW1 (SABS1),,15948
35.2697,-83.4005,NE MACON,CALDER & RICKMAN CK- COWEE CK & LEATHERMAN GAP RDS,REF#MC6,,9810
35.2214,-80.8397,CHARLOTTE,CALDWELL ST @ I-277 DRAINAGE PROBLEMS,REF#MK16A (FSTN7),,8001
35.4943,-81.924,E OF UNION MILLS,CAMP CREEK RD @ CAMP CREEK,REF#RT3A,,7090
34.8666,-83.4036,CLAYTON,CAMPER CORRAL BRIDGE & HWY 76 @ STEKOA/ SCOTT CKS  5 POINTS AREA,REF#RB1,,12469
35.2211,-81.3058,crowder mt st park,campgrd in crowders mtn st pk ,REF#GS3,,8515
35.748881,-80.461721,10 n of salisbury,campground on hannah ferry road floods if rvr rises more than 6 ft,REF#RW18,,4775
35.433,-83.4181,BRYSON CITY,CAMPGROUNDS AND OLD RIVER ROAD @ TUCKASEGEE ,REF#SW1 (TKSN7 @ 9ft),,8693
35.4791,-81.9714,UNION MILLS,CAMPGROUNDS NEAR CHERRY CREEK,REF#RT3,,7499
35.4319,-82.4868,FLETCHER,CANE CREEK OVERFLOWED THE MILLS GAP RD BRIDGE JUST EAST OF FLETCHER.,REF#HN8 (CCFN7 @ BRIDGE @ 7ft),,8142
35.9082,-82.3465,3 WSW BURNSVILLE,CANE R ALONG BAKERS CREEK RD AND DAM RD.,REF#YN6,,5158
35.9219,-82.3839,CANE RIVER,CANE R ALONG MONROE KING RD / 19W,REF#YN6A,,5093
35.3084,-83.1521,N COWARTS,CANEY FORK WILL OVER FLOW AND FLOOD HELEN ZACHARY RD,REF#JC2A,,9473
35.2774,-83.4712,NE OF OAK GROVE,CARNES RD @ LITTLE TN RIVER,REF#MC7A,,9793
34.167,-82.3653,ABBEVILLE,CAROLINA CIRCLE FLOODS @ BLUE HILL CREEK,REF#AB1A,,16456
35.8949,-81.2137,LILEDOUN,CAROLINA GLOVE CO. GROVE MILL RD @ LITTLE RIVER,REF#AX1,,4429
34.5036,-82.0193,LAURENS,CAROLINA ST & CHURCH STREET @ REEDY FORK CREEK,REF#LR1A (LRNS1),,13767
35.2383,-82.6328,LITTLE RIVER,CASCADE LAKE RD AT CRAB CREEK RD,REF#TR4 (LRVN7 BANKFULL 8ft),,9477
35.8309,-82.5558,W MARS HILL,CASCADE- HICKORY DRIVE & BAILY ST @ GABRIEL CREEK & BANJO BRANCH,REF#MS8,,5952
35.3183,-83.1704,W CAROLINA UNIV,CASEY ROAD FLOODS WITH VERY HEAVY RAIN,REF#JC3,,9363
34.9879,-83.5402,WNW CLAYTON,CAT GAP ROAD CLOSES WITH HEAVY RAIN 5+ INCHES,REF#RB6,,11818
35.7193,-81.7751,S OF GLEN ALPINE,CAUSBY RD @ LITTLE SILVER CREEK,REF#BK7,,5866
34.8726,-82.4222,GREENVILLE,CEDAR LANE & HAMPTON AVE @ REEDY RIVER ,REF#GV4B,,11718
35.3002,-81.02098,mount holly,cedar lane and w Central AVe flds with 4+ inch in 3 hours,REF#GS7,,7967
34.9689,-83.1194,BURRELL FORD,CHATTOOGA @ BURRELLS FORD BANKFULL @ 3.5ft ,BURG1,,11621
34.8353,-83.1976,S OF MT REST,CHATTOOGA RIDGE ROAD ,REF#OC2,,12520
34.6397,-82.5189,WILLIAMSTON,CHEROKEE DRIVE AND JOE BLACK RD NR LOCKABY RD. ,REF#AN5,,13443
35.39,-83.01,WAYNESVILLE,CHERRY COVE CK (WATERSHED PROPERTY) NOTHING FLOODS,REF#HW8,,8635
35.20806,-80.8008,INDEPENDENCE BLVD,CHESTERFIELD/ SHENANDOAH AVE/ MORNINGSIDE DR/INDEPENDENCE BLVD @ BRIAR CK,REF#MK13 (IBRN7/CHYN7),,7985
35.20806,-80.8008,INDEPENDENCE BLVD,CHESTERFIELD/ SHENANDOAH AVE/ MORNINGSIDE DR/INDEPENDENCE BLVD @ BRIAR CK,REF#MK13 (IBRN7/CHYN7),,8289
35.4403,-82.2497,CHIMNEY ROCK,CHIMNEY ROCK @ ROCKY BROAD RIVER,REF#RT1,,7858
35.9259,-82.5452,N FAUST,CHURCH NR PUNCHEON FORK RD FLDS & LITTLE CREEK AND SMITH CREEK,REF#MS7,,4992
35.2678,-80.7856,LITTLE SUGAR CREEK,CINDERELLA & HIDDEN VALLEY RD @ LITTLE SUGAR CREEK ,REF#MK11 (SNWN7),,7893
35.2083,-80.58,MINT HILL,CLEAR CREEK ACTION STG 14ft,CLCN7 (DCP),,8127
35.3594,-80.687,SW OF CONCORD,CLT MOTOR SPEEDWAY & ROCKY RIVER GOLF CLUB @ ROCKY RIVER,REF#CB14,,7116
34.852,-82.3061,PELHAM,COACH HILL DR & HITCHING POST LN @ ROCKY CK,REF#GV12B,,11767
35.5339,-82.7043,ASHEVILLE,COLE COVE RD/ HOMINY BAPTIST CHURCH RD @ NORTH HOMINY CREEK,REF#BC8A,,7610
33.148889,-81.024167,4 Miles North of Ehrhardt,Colston Branch streams floods out SC Hwy 75.,REF#BA2,,0
34.77447,-81.2608,SW LOWRYS,CONNER RD NR HWY 321 @ SEELEY CK,REF#CS3,,11451
35.8392,-81.714,SW OF PERKINSVILLE,COPENING BRIDGE & OLD JOHNS RVR RDS @ JOHNS RVR,REF#BK4A,,4979
35.5139,-81.635,CASAR,CORINTH CHURCH & GOLDEN VALLEY RDS @ WARD CK,REF#CV1,,6912
34.8025,-82.2881,MAUDLIN,CORN RD & NIGHTINGALE LANE @ TRIB TO GILDER CK,REF#GV16 (MLDS1/GLDS1),,12193
35.6713,-80.436,SALISBURY,CORRELL  AND JULIAN RD @ TOWN CREEK,REF#RW9,,5337
35.2976,-83.1883,W CAROLINA UNIV,COUNTRY CLUB /TILLEY CREEK ROADS @ TRIBUTARY TO CULLOWHEE CREEK  ,REF#JC1,,9594
35.2945,-81.9843,W OF FORREST CITY,COXE & CLEGHORN MILL RDS @ CLEGHORN CREEK,REF#RT5,,8639
34.9664,-80.5502,S MONROE,CRESCENT & PARKER STREETS @ STILL BRANCH,REF#UNN6D,,9712
34.9359,-81.9448,SW SPARTANBURG,CRESCENT AVE- W.O. EZELL BLVD @ FAIRFOREST CK,REF#SP9,,10883
33.17,-81.03,S OF BAMBERG,CROOKED RD @ CROOKED CK,REF#BA1,,0
34.0297,-82.0524,KIRKSEY,CUFFYTOWN & HORSEPEN CREEKS ON HWY 25 NR KIRKSEY ,REF#GW5,,17214
34.0297,-82.0524,KIRKSEY,CUFFYTOWN & HORSEPEN CREEKS ON HWY 25 NR KIRKSEY ,REF#GW5,,17226
35.0703,-83.2167,HIGHLANDS,CULLUSAJA RIVER AND BIG CREEK. HIKERS AND CAMPERS ,REF#MC1 (HDSN7),,11068
35.3122,-82.5716,ETOWAH,CUMMINGS ROAD 2 LOCATIONS NEAR FRENCH BROAD RIVER,REF#HN5,,9014
36.0198,-82.1709,BAKERSVILLE ,DALE HILL ROAD @ CANE CREEK,REF#ML5,,4484
35.3285,-82.4373,LAKEVIEW ESTATES,DANA RD @ TRIB TO DEVILS FORK CK,REF#HN1A,,8818
35.2737,-82.7056,BREVARD,DAVIDSON RIVER & OLD HENDERSONVILLE RDS @ TURKEY CK,REF#TR3 (DAVN7 BANKFULL 5ft),,9269
35.2737,-82.7056,BREVARD,DAVIDSON RIVER & OLD HENDERSONVILLE RDS @ TURKEY CK,REF#TR3 (DAVN7 BANKFULL 5ft),,9323
35.456944,-83.43806,BRYSON CITY,DEEP CREEK NEARS ROADS @ 7ft,DCSN7,,8563
35.720124,-81.665368,Morganton,deep ponding of water on Old 18 near West Parker Road,REF#BR9B,,5751
37.2,-81.46,1 w tiptop,deep ponding of water on wittens mill rd near dolphin dr ,REF#TZ1,,0
34.994,-81.8409,CONVERSE,Deep ponding old converse and e main st,REF#SP10,,10406
34.0523,-82.2099,BRADLEY,DENDY BRIDGE ROAD ALONG HARD LABOR CREEK ,REF#GW4,,17117
35.6833,-81.7557,SW OF MORGANTON,DENTON CHAPEL/JEETER CARSWELL/BYRD RDS @ CLEAR & DOUBLE BRIDGE CREEKS,REF#BK8,,5936
34.7658,-82.2227,MAUDLIN,DILLARD RD @ HORSEPEN CK,REF#GV18 (BLCS1),,12148
35.0908,-80.8994,SUGAR CREEK,DOWNS RD AND DOWNS CIR @ SUGAR CK ,REF#MK23 (PNVN7),,8651
35.0908,-80.8994,SUGAR CREEK,DOWNS RD AND DOWNS CIR @ SUGAR CK ,REF#MK23 (PNVN7),,9139
35.589259,-82.599651,asheville,DRUID DR @ SMITH MILL CREEK,REF#BC6,,7205
35.5886,-82.599764,asheville,"Druid Drive off Patton ave near a small creek will flood road with 2"""" in one hr is all ready wet grd",REF#BC12,,7205
35.9528,-81.3236,W OF ELLENDALE,DUCK CREEK ON DOVER CHURCH ROAD,REF#AX5,,4226
35.389594,-80.423601,SE OF MT PLEASANT,DUTCH BUFFALO CK FLDS BOWMAN BARRIER NR LONG FARM RD,REF#CB9B,,6570
35.2501,-80.8075,CULLMAN AVE,E 36TH ST /CULLMAN AVE @ LITTLE SUGAR CREEK,REF#MK11A (LSTN7),,7893
35.1866,-83.3752,FRANKLIN,E MAIN NR DEPOT ST.- RIVER RD & W MAIN AND HIGHLANDS RDS,REF#MC4 (FNKN7),,10342
35.1866,-83.3752,FRANKLIN,E MAIN NR DEPOT ST.- RIVER RD & W MAIN AND HIGHLANDS RDS,REF#MC4 (FNKN7),,10403
34.8977,-82.2413,greer,e suber rd @ headwaters of enoree rvr ck pels1,REF#GV11A,,11501
34.2381,-82.1947,SW IDLEWOOD,EARL COURT- POPLAR DR- RONNIE DR @ TURNER BRANCH,REF#GW3,,15906
34.9013,-83.2676,EAST OF CLAYTON,EARLS FORD & JOE SPEED ROADS @ WARWOMAN CREEK,REF#RB5,,12195
34.9013,-83.2676,EAST OF CLAYTON,EARLS FORD & JOE SPEED ROADS @ WARWOMAN CREEK,REF#RB5,,12247
35.1412,-82.8068,ROSMAN,EAST FORK ROAD @ MIDDLE FORK OF FRENCH BROAD RIVER,REF#TR7A,,10234
35.1412,-82.8068,ROSMAN,EAST FORK ROAD @ MIDDLE FORK OF FRENCH BROAD RIVER,REF#TR7A,,10322
33.46,-81.95,AUGUSTA,EAST HALL..MAGNOLIA AND LANEY WALKER BLVD FLOOD 3+ INCH,REF#RM01,,0
35.6586,-80.462,SALISBURY,EAST INNES @ I-85,REF#RW7,,5337
34.9044,-82.5133,SE DACUSVILLE,EDINBURGH ROAD OVER TRIB TO SALUDA RIVER,REF#PC6,,11486
34.87977,-82.35787,GREENVILLE,EDWARDS RD & HIGHWAY 291 URBAN FLDING,REF#GV7B,,11597
36.1602,-81.9996,ELK PARK,ELK RVR 1.75 to 2.75 in one hr did not cause flooding,REF#AV3A,,3540
34.7114,-82.4224,PIEDMONT,EMILY & OWENS ROADS @ GROVE CREEK,REF#GV21,,12749
34.509167,-81.598333,WHITMIRE,ENOREE RVR AT WHITMIRE,WHMS1 (CAE FCST PT),,13273
35.5692,-82.5433,BILTMORE ,FAIRVIEW RD AND BILTMORE AVE @ SWANNANOA RIVER,REF#BC5,,7217
35.49,-80.6381,KANNAPOLIS,FAIRVIEW STREET AT MCLAIN STREET,REF#CB7,,6226
35.6166,-80.4681,GRANITE QUARRY,FAITH ROAD AT HEILIG AND BYRD  ROADS @ CRANE CREEK,REF#RW6,,5550
34.0879,-82.30356,SE OF ABBEVILLE,FELL CAMPGROUND SUMTER N FOREST,REF#AB4,,17024
34.8998,-80.980868,rockhill,firetower rd flds @ taylor ck 2-3 inch in 2-3 hrs ,REF#YR15,,10383
35,-83.07,JOCASSEE,FISH HATCHERY OPERATIONS MAY BE HAMPERED,REF#OC0,,11444
35.8263,-81.7951,S OF TABLE ROCK,FISH HATCHERY RD @ IRISH CREEK,REF#BK2,,5257
33.164,-81.625,SW OF BARNWELL,FLOODED RD NR SAVANNAH RVR SITE,REF#BW1,,0
35.8805,-81.6602,NW OF GAMEWELL,FLOODING LIKELY ON  SECONDARY RDS NR CELIA CREEK,REF#CD7,,4953
34.5725,-82.9295,TOKEENA,FLOODING ON HUNT ROAD @ LITTLE BEAVERDAM AND OTHER LOCAL CREEKS,REF#OC5,,14185
34.7847,-81.4553,LOCKHART,FLOODING ON ROADS NEAR DIVERSION CANAL,REF#UNS3,,11498
35.4469,-82.3808,GERTON,FMR LOC BWCN7,IFLOWS,,8044
34.7124,-81.205755,CHESTER,FOOTE & SALUDA STREETS URBAN FLOODING,REF#CS1,,11983
34.6986,-80.8907,FORT LAWN,FORT LAWN COMMUNITY CNTR POOR DRAINAGE,REF#CS5,,11647
35.1609,-81.4975,NE OF BLACKSBURG,FOSTER LAKE & HOLLY GROVE RDS @ TRIB TO BEE BRANCH,REF#CK1,,9126
35.0769,-80.8225,PINEVILLE,FOUR MILE CK FLDS YARDS @ 11.5ft,FMCN7 (CLT IFLOWS),,9086
34.3894,-82.6668,STARR,FRED DEAN & CUMMINGS SPRINGS ROADS AT WILSON CREEK,REF#AN8,,15207
35.256,-80.8855,STEWART CREEK,FREEDOM DR/BARLOWE RD/DEWOLFE ST @ STEWART CK,REF#MK7,,8054
35.9262,-80.8657,CHARLES,FRIENDSHIP AND JENNINGS ROADS @ PATTERSON CK,REF#IR4,,4168
35.1283,-82.8603,SW OF ROSMAN,FROZEN CREEK CAMPGRD @ FROZEN CREEK ,REF#TR8,,10228
34.0315,-81.8921,GOOD HOPE,FRUIT HILL RD @ LOCAL CK,REF#SL2,,0
35.3759,-82.4132,FRUITLAND,FRUITLAND RD @ CLEAR CREEK,REF#HN4 (CCGN7 BANKFULL @ 7ft),,8369
35.165,-83.3239,CULLASAJA,FULTON AND SUGARFORK  ROADS ALONG CULLASAJA RIVER,REF#MC3,,10438
35.3614,-80.8975,CROFT,GAR CREEK ACTION STG 19ft,CRFN7 (DCP),,7284
35.5323,-82.3232,E OF FAIRVIEW,GARREN CREEK & LEE DOTSON RD @ GARREN CREEK,REF#BC1,,7383
35.3845,-83.8611,N OF LAKE SANTEETAH ,GLADDEN CREEK RD @ GLADDEN CREEK,REF#GH1,,9468
35.4531,-82.5497,SW OF SKYLAND,GLEN BRIDGE RD @ FRENCH BROAD RVR,REF#BC2,,8056
33.5687,-81.80829,Graniteville ,Graniteville along Canal Street.,REF#AK1,,0
34.616,-83.519,CLARKESVILLE,GRANT/GABRELS STREETS FLOOD FROM TRIB TO SOQUE RIVER,REF#HB1,,14247
35.8387,-82.6147,PETERSBURG/GRAPEVINE,GRAPEVINE & E FORK RDS @ BULL CREEK,REF#MS9,,5626
35.8387,-82.6147,PETERSBURG/GRAPEVINE,GRAPEVINE & E FORK RDS @ BULL CREEK,REF#MS9,,5727
35.88268,-82.05847,GRASSY CREEK,GRASSY CREEK BANKFULL @ 5ft,GRSN7,,5115
36.0017,-81.937,SOUTH OF CROSSNORE,GREEN RD NR HIGHWAY 221 ALONG LINVILLE RVR takes more than 2 in in 2 hrs,REF#AV6,,4342
35.1863,-82.7748,N ROSMAN,GREEN ROAD @ FRENCH BROAD,REF#TR6,,9752
35.4662,-83.0112,WAYNESVILLE/HAZELWOOD,GREEN VALLEY & VALLEY BROOK MOBILE HOME PARKS @ HYATT CREEK  @  ALLENS CREEK,REF#HW6,,8319
35.0805,-81.3131,S OF BETHANY,GREENLEAF- CROSSLAND & BOHELER RDS @ BULLOCK CK,REF#YR2,,9486
34.5139,-82.0657,NW LAURENS,GRISTMILL ROAD @ REEDY FORK CK,REF#LR3,,13767
35.2994,-80.9464,THRIFT,GUM BRANCH FLDS COULWOOD DR @ 10 ft,GBRN7 (CLT IFLOWS),,7776
35.7933,-81.8013,NE OF LAKE JAMES,GWARTNEY- BROWNING VIEW & FRANK WHISNANT RDS @ CANOE CK,REF#BK3,,5675
34.904094,-82.277277,Greenville,hammett rd & brushy creek rd urban flding,REF#GV9,,11355
33.44,-82.26,GROVETOWN,HARLEM GROVE TOWN ROAD FLOODS WITH 3+ INCH,REF#C04,,0
34.4365,-81.983,SOUTH LAURENS,HARPER ST ON BURNT MILL CK SOUTH OF LAURENS,REF#LR2,,14361
34.3311,-82.0249,HARRIS SPRINGS,HARRIS SPRINGS RD BTWN HWY 221& ST RD 39 ON CANE CK ,REF#LR5,,15073
34.6475,-82.7615,PENDLETON ,HARRISON- CHERRY & SARRAR STREETS @ SHANKLIN CREEK,REF#AN2A,,13497
34.9209,-82.2159,GREER,HARVEY ROAD AND BUTTERNUT DRIVE APARTMENTS @ MAPLE CREEK ,REF#SP6,,11021
34.838358,-81.212697,MCCONNELLS,Hawley road @ conrad creek will be flooded,REF#YR14,,10929
34.8501,-82.3296,HAYWOOD MALL,HAYWOOD MALL & SPRING STREET,REF#GV12,,11767
34.8501,-82.3296,HAYWOOD MALL,HAYWOOD MALL & SPRING STREET,REF#GV12,,11955
36.008978,-82.414484,northwest corner yancey county,heavy rain (2.0 in 1hr) will washout parts of little ck rd. ,REF#YN9,,4705
35.735575,-81.681633,Morganton,Heavy rain floods West Fleming Drive,REF#BK9A,,5608
35.3697,-83.25,DILLSBORO,HEMLOCK LANE/ HAYWOOD ROAD @ SCOTT'S CREEK,REF#JC5,,9047
35.4029,-80.904,SW HUNTERSVILLE,HENDERSON PARK RD/LEISURE LANE @ TORRANCE CREEK,REF#MK1 ,,7066
35.7972,-80.9122,STATESVILLE,HENDRICK DRIVE & GREGORY RD @TRIB TO GREGORY CK,REF#IR2,,4769
35.4381,-81.0289,LOWESVILLE,HENDRICK QUARRY- FORNEY CREEK PARKWAY @ KILLIAN AND FORNEY CREEKS,REF#LN5,,6949
34.5239,-82.6603,ANDERSON,HENRY AVE AT HUNTER DR-BOOKER- SUSAN & REED ST,REF#AN1,,14470
35.8155,-82.6954,N OR MARSHALL,HENRY TREADWAY & DRY BRANCH RDS @ WALNUT CREEK,REF#MS11,,5785
34.8793,-82.3352,GREENVILLE,HERITAGE COURT @ BRUSHY CK ,REF#GV7,,11597
35.9919,-82.703,CUTSHALLTOWN,HICKEYS FORK RD @ HICKEY FORK CREEK,REF#MS5,,4788
35.2731,-81.5331,SHELBY,HICKORY CREEK...EAST DIXION BLVD &  Leander St             ,REF#CV2B,,8357
35.3063,-81.5186,SHELBY,HICKORY CREEK...WYKE ROAD,REF#CV2,,8195
35.235391,-80.497478,east of midland,high lvls @ibfn7 = pine bluff & hopewell church rds@ muddy ck,REF#CB18,,7727
35.235391,-80.497478,east of midland,high lvls @ibfn7 = pine bluff & hopewell church rds@ muddy ck,REF#CB18,,7850
36.1758,-81.8703,BANNER ELK,HIGHWAY 184 1/2 MILE EAST OF BANNER ELK,REF#AV2 (BWGN7),,3541
35.9037,-82.1226,ESTATOE,HIGHWAY 19 & RABBIT HOP ROAD @ BRUSHY CREEK,REF#ML2,,5063
35.8312,-82.3348,EAST OF MURCHISON,HIGHWAY 197 @ ELK FORK CREEK ,REF#YN5,,5567
35.3018,-81.0139,MOUNT HOLLY,HIGHWAY 273 NORTH OF HIGHWAY 27 OR EAST CHARLOTTE AVE  @ DUTCHMAN & TAYLORS CKS,REF#GS5,,7967
33.211,-81.32,2 Miles South East of Barnwell,HIGHWAY 64 NEAR TOBY CREEK,REF#BW3,,0
35.1156,-81.1282,WEST OF LAKE WYLIE,HIGHWAYS 557...55 AND 49 @ CROWDERS & BEAVERDAM CK,REF#YR4,,9078
35.1156,-81.1282,WEST OF LAKE WYLIE,HIGHWAYS 557...55 AND 49 @ CROWDERS & BEAVERDAM CK,REF#YR4,,9131
34.99699,-83.09428,ELLICOT ROCK,HIKING TRAILS - NOTHING TO FLOOD,ELLICOT ROCK WILDERNESS,,11364
35.08,-82.87,GORGES ST PK,HIKING TRAILS - NOTHING TO FLOOD,GORGES STATE PARK,,10764
33.335189,-81.260376,SOUTH OF BLACKSVILLE,HILDA ROAD @ LITTLE SALKEHATCHIE RIVER,REF#BW2,,0
34.968722,-81.88955,spartanburg,Hillcrest Shopping Center area roads flood with 4+ rain in 2 hrs poor drains,REF#SP14,,10672
35.1792,-80.8464,CHARLOTTE,HILLSIDE AVE & WESTFIELD RD @ LITTLE SUGAR CK,REF#MK17 (LSHN7),,8001
35.7057,-80.4386,SPENCER,HOLLYWOOD DR @ GRANTS CK,REF#RW14,,5049
35.91045803,-82.53460347,FAUST,HOMES ALG LAUREL VLY RD/BIG LAUREL CK MAY FLD,REF#MS7B,,5105
35.898,-81.5534,LENOIR,HOMES AND BUSINESS ALONG LOWER CREEK / HIGHWAY 321 AND 18 FLOOD. ,REF#CD5,,4641
34.52444,-82.6371,ANDERSON,HOMES OFF OF RANTOWELS RD @ COX CREEK ,REF#AN1A,,14228
35.5567,-82.5948,SE ASHEVILLE,HOMINY CREEK RD @ HOMINY CREEK,REF#BC4,,7382
35.4186,-80.5604,E CONCORD,HONEYCUTT DRIVE NR COLD WATER CREEK,REF#CB4,,6552
35.7032,-81.7181,SW OF MORGANTON,HOPEWELL & PROPST RDS @ BAILEY FORK CREEK,REF#BK8A,,5763
34.622579,-82.363343,WARE PLACE,HOPKINS ROAD NR CHANDLER ROAD @ LITTLE CK,REF#GV22,,13231
34.191287,-82.963343,DEWY ROSE,HORSE FARM & brickyard RDs @ BEAVERDAM CREEK USGS GAGE DOWNSTREAM,REF#EL1A,,16877
35.4279,-81.1695,EAST OF SALEM,HOVIS & WILL SCHRONCE RDS @ HOYLE CREEK,REF#LN4,,6884
35.3573,-82.4382,NE HENDERSONVILLE,HOWARD GAP & NIX RDS @ CLEAR CREEK,REF#HN3,,8574
35.2282,-82.2339,N TRYON,HOWARD GAP/WALL/HARMON FIELD COMPLEX @ NORTH PACOLET RVR,REF#PK3,,9272
35.2282,-82.2339,N TRYON,HOWARD GAP/WALL/HARMON FIELD COMPLEX @ NORTH PACOLET RVR,REF#PK3,,9370
34.982155,-81.974198,spartanburg,howard street at I-85 underpass,REF#SP13,,10427
34.982155,-81.974198,spartanburg,howard street at I-85 underpass,REF#SP13,,10671
34.982155,-81.974198,spartanburg,howard street at I-85 underpass,REF#SP13,,10767
35.5028,-81.3708,LINCOLNTON,HOWARDS MILL CREEK ROAD @ HOWARDS CREEK FLOODS WITH 2 TO 3 INCH OF RAIN,REF#LN2,,6559
35.1239,-80.5773,WEST OF FAIRVIEW,HOWEY BOTTOMS RD @ GOOSE CREEK,REF#UNN2 (INDN7 @ 6ft),,8584
35.3265,-80.7732,NE CHARLOTTE,HUBBARD/DAVID TAYLOR/PHILLIPS & MALLARD CK CHURCH RDS @ MALLARD CRK,REF#MK3,,7484
35.3502,-80.797,CLARKS CREEK,HUCKS AND BROWNE RDS @ CLARKES CREEK,REF#MK3B,,7339
34.9461,-82.5325,DACUSVILLE,HUNT'S BRIDGE RD OVER SHOAL CREEK,REF#PC7,,11404
35.5311,-83.1371,maggie valley,hvy rain 2.5-4 in 6 hrs on wet grd will likely cause landslides and fld indian ck/ indian ck rd.,REF#HW11,,8091
35.4501,-81.5627,n of lawndale,hvy rain 2+ in 1 hr flds brackett rd @knob creek  ,REF#CV5,,7174
33.93,-81.37,1 ene gilbert,hvy rain flds parts of wire rd and springhill rds,REF#LX2,,0
34.9776,-82.799,SUNSET,HWY 11 AND EASTATOE RIVER ROAD @ LITTLE EASTATOE RIVER,REF#PC11,,11306
34.6823,-83.0421,RICHLAND,HWY 11 MILE POST 13 & 32 NR CONEROSS AND COLONELS FORK CREEKS,REF#OC3,,13420
35.8863,-81.306,SW OF ELLENDALE,HWY 127/ANTIOCH CHURCH/DOVER CHURCH ROADS @ DUCK CK,REF#AX6,,4356
35.8863,-81.306,SW OF ELLENDALE,HWY 127/ANTIOCH CHURCH/DOVER CHURCH ROADS @ DUCK CK,REF#AX6,,4369
35.1414,-82.8244,ROSMAN,HWY 178 S OF FBR RVR BRIDGE & MAIN ST APARTMENTS MAY FLOOD,REF#TR7 (ROSN7 BANKFULL @ 7ft),,10236
35.8152,-81.6552,NE  OF CHESTERFIELD,HWY 18 N  @ BRISTOL CREEK,REF#BK5,,5106
35.4973,-82.593,S OF ASHEVILLE,HWY 191 NR BLUE RIDGE PARKWAY @ FRENCH BROAD RIVER,REF#BC3,,7814
36.1395,-81.979,CRANBERRY,HWY 19E WILL FLOOD WHEN CRANBERRY CK OVERFLOWS 3-4 INCHES IN 1-2 HR,REF#AV3,,3765
35.3246,-80.5038,NW OF GEORGEVILLE ,HWY 200 @ ROCKY RIVER,REF#CB11,,7160
35.3246,-80.5038,NW OF GEORGEVILLE ,HWY 200 @ ROCKY RIVER,REF#CB11,,7226
35.9817,-82.7598,ALLENSTAND N TO TN ,HWY 208 /FRANKLIN MTN RD TO TN @ LITTLE LAUREL CK,REF#MS3 (LLCN7),,4898
35.935,-82.7439,BELVA,HWY 208/212 @ LTL LAUREL AND SHELTON LAUREL CREEKS,REF#MS4,,4966
35.935,-82.7439,BELVA,HWY 208/212 @ LTL LAUREL AND SHELTON LAUREL CREEKS,REF#MS4,,5148
35.935,-82.7439,BELVA,HWY 208/212 @ LTL LAUREL AND SHELTON LAUREL CREEKS,REF#MS4,,5330
35.8003,-82.8533,S OF HOT SPRINGS,HWY 209 FROM ROCK HOUSE TO LIBERTY CH @ SPRING CREEK,REF#MS1,,6133
35.6893,-82.5777,WEAVERVILLE,HWY 25/70 @ REEMS CREEK,REF#BC7,,6551
34.4521,-82.5009,HONEA PATH,HWY 252 HENCOOP CK BETWEEN BELTON AND HONEA PATH,REF#AN7,,14645
35.1457,-82.6791,CEDAR MOUNTAIN,HWY 276 AND CEDAR LANE ROAD,REF#TR5A,,10096
35.1489,-82.6489,CEDAR MOUNTAIN,HWY 276 NEAR CASCADE LAKE ROAD ,REF#TR5,,10070
35.0035,-82.6651,PUMPKINTOWN,HWY 288 @ OOLENOY RIVER,REF#PC9,,11028
35.0035,-82.6651,PUMPKINTOWN,HWY 288 @ OOLENOY RIVER,REF#PC9,,11048
35.454,-83.3086,INDIAN HILLS/GATEWAY,HWY 441 & CAMP CREEK ROAD @ SHOAL & CAMP CREEKS,REF#JC6,,8478
35.7054,-82.0407,MARION,HWY 70 WEST OF HWY 221 LOW SPOT FLOODS,REF#MD4,,6076
35.4314,-80.6215,CONCORD,HWY 73 @ STRICKER BRANCH,REF#CB1,,6560
34.459,-81.902,CLINTON,HWY 76 CLINTON & ON POPLAR ST IN LYDIA MILLS. ,REF#LR4,,14189
34.868187,-81.013956,SOUTH OF ROCKHILL,hwy 901/mt holly rd nr nichols store urban flooding,REF#YR13,,10567
34.872,-82.7094,PICKENS,HWY178/ PENDLETON ST @ WOLF CREEK,REF#PC1A,,11781
34.8103,-82.3363,GREENVILLE,I-85 UNDERPASS AT LAURENS & FAIRFOREST WAY /OLD MILL ,REF#GV15,,11955
35.15861,-80.71333,CHARLOTTE,IRVINS CREEK AT SAM NEWELL RD,ISNN7 (CLT IFLOWS),,8388
35.1978,-80.9044,CHARLOTTE,IRWIN CK @ WWTP STREAMGAGE,IRWN7 (CLT IFLOWS),,8220
35.2619,-80.8369,CHARLOTTE,IRWIN CRK ACTION STG 6ft,IRSN7 (CLT IFLOWS),,7714
35.1857,-82.7687,CONNESTEE FALLS,ISLAND FORD & HANNAH FORD RDS @ FRENCH BROAD,REF#TR6A,,9752
35.1857,-82.7687,CONNESTEE FALLS,ISLAND FORD & HANNAH FORD RDS @ FRENCH BROAD,REF#TR6A,,9927
35.9094,-82.1925,W OF NEWDALE,IVY HILL RIDGE RD @ SOUTH TOE RIVER,REF#YN4A,,5020
35.3218,-83.8373,NW OF ROBBINSVILLE,JACKSON & JIMMY DAVIS & SNOWBIRD RDS @ COOLOSKA BRANCH ,REF#GH3,,9992
35.5986,-81.6683,S OF MORGANTON,JACOB BRANCH CAMPGRD @ JACOB BRANCH,REF#BK16,,6520
35.6049,-81.493,NE OF COOKSVILLE,JACOB FORK RIVER RD @ JACOB FORK RIVER NEAR COOKSVILLE,REF#CT6,,6289
34.7981,-82.3915,GREENVILLE,JACOB/ PROSPERTY AVE @ BRUSHY CREEK,REF#GV24,,12176
34.9816,-80.3603,MARSHVILLE,JAMES DR- S ELM RD- MORGAN PL &  S WHITE ST @ LICK BRANCH,REF#UNN9A,,9330
34.8768,-81.6433,JONESVILLE,JERUSALEM RD ALONG MILL CREEK ,REF#UNS2,,11104
35.7741,-81.5822,NE OF DREXEL,JOHN BERRY RD @ HOWARD CREEK,REF#BK10,,5350
33.74,-82.19,4 SW EVANS,JOHN DEERE PARKWAY AND HORIZON SOUTH FLOOD WITH 3+ IN,REF#CO3,,0
35.1237,-80.953,STEELE CREEK,JOHN PRICE RD @ STEELE CK,REF#MK22,,8830
35.28,-82.1145,BEULAH,JOHN SHEHAN & HUGH CHAMPION RDS & NC9 @ LITTLE WHITE OAK & WHITE OAK CRKS,REF#PK4,,8857
35.8728,-81.7362,PERKINSVILLE,JOHNS RIVER & BROWN MTN BEACH RD @ PEARCEY & UPPER CK,REF#BK4,,4843
35.8728,-81.7362,PERKINSVILLE,JOHNS RIVER & BROWN MTN BEACH RD @ PEARCEY & UPPER CK,REF#BK4,,4951
35.924575,-81.673822,COLLETSVILLE,JOHNS RVR @ OLD JOHNS RVR RD/VALLEY VIEW CIR,REF#CD3A,,4630
35.973,-82.1907,BANDANA,JOHNSON AND TOE CANE RDS @ N TOE RVR,REF#ML3,,4795
35.427036,-81.371613,JOHNSTOWN,JOHNSTOWN ROAD @ INDIAN CREEK,REF#LN3,,7081
34.793541,-82.190995,Simpsonville,jonesville rd & woodruff urban flding,REF#GV19,,12003
35.003214,-82.241464,greer,jug factory rd & bomar rd urban flooding,REF#GV2A (LLYS1),,10681
34.7365,-82.5411,NW OF PIEDMONT,JUNCTION 86 AND 81 @ LITTLE BRUSHY CREEK,REF#AN3,,12720
35.3066,-82.4584,HENDERSONVILLE ,JUNCTION US25 & HWY 176 @ MUD CREEK,REF#HN2 (MUCN7 BANKFULL @ 6ft),,9018
35.2665,-83.7326,E OF TULULA,JUTTS CREEK ROAD @ JUTTS CREEK,REF#GH5,,10031
34.8022,-82.3442,GMU,KEITH DR AIRPORT & LOWNDES ROADS DRAINAGE PROBLEMS,REF#GV15A,,12082
34.7047,-81.9896,KILGORE,KILGORE BRIDGE- BALL PARK & MT SHOALS RD @ 2 MILE CK,REF#SP11,,12460
35.14833,-81.33908,east of blacksburg,kings mtn st park campgrd @ clark fork,REF#YR1,,9009
35.3005,-81.5516,NW SHELBY,KINGSBURY ST @ TRIB #2,REF#CV2A,,8240
35.9827,-80.4375,HILLSDALE,KINGSMILL DRIVE/ AREAS BTWN I-40 & HWY158 @ SMITH CREEK,REF#DV1,,3586
34.784,-82.1715,MAULDIN,KINGSWOOD SUBDIVISION @ HORSEPEN CK,REF#GV19A (GLRS1),,12149
34.991683,-82.094543,LYMAN,LAKE COOLEY,DAM,,10629
34.98205,-82.193871,HOLLY SPRINGS,LAKE LYMAN,DAM,,11190
34.725972,-80.843333,LANCASTER,LANCASTER RAINGAGE,LCCS1 (DCP),,0
35.1915,-82.1469,LANDRUM,LANDRUM RD @ NORTH PACOLET ALSO I-26 @ state line floods poor draingage 2 inch 1 hr,REF#SP1,,9385
35.022265,-82.591438,4 w marietta,laurel and hardy lake rd @ s Saluda rvr flds homes,REF#PC8B,,10630
34.7831,-82.3323,W MAULDIN ,LAUREL MEADOWS SUBDIVISION AND ANDERS AVE @ LAUREL CK,REF#GV15B,,12082
35.2241,-82.7447,SW BREVARD,LAWRENCE AVE & NICHOLSON CREEK &  FOREST HILL RDS @ NICHOLSON CREEK ,REF#TR1C,,9716
34.69445,-82.452779,Piedmont,Lindley rd @ unnamed creek floods with high water on saluda river,REF#GV21A,,12873
35.2425,-81.2184,SW GASTONIA,LINWOOD -W HUDSON BLVD @ BLACKWOOD CREEK,REF#GS4,,8392
35.4642,-81.2424,EAST LINCOLNTON,LITHIA & JERRY CRUMP RDS- SOUTH GENERALS BLVD @ LITHIA BRANCH,REF#LN1A,,7096
35.0929,-81.5658,E OF BLACKSBURG,LITTLE HOPE AND RIVER ROADS @ BLACKROCK BRANCH & BROAD RIVER,REF#CK3,,9661
35.7874,-82.7336,SW REDMON,LITTLE PINE ROAD FROM THE FRENCH BROAD RVR TO UPPER PAW PAW RD,REF#MS12,,6153
35.08528,-80.88222,PINEVILLE,LITTLE SUGAR FLDS PARKING LOTS @ 16ft,PINN7 (CLT IFLOWS),,8651
35.0578,-83.3853,OTTO,LITTLE TENN RVR FLDS PARK @ 15ft,OTTN7,,11026
35.2384,-81.0289,BELMONT,LOCAL CREEKS FLOOD PARKDALE DRIVE & VINE STREET,REF#GS6,,8343
34.9632,-82.6801,N PICKENS,LOG HOUSE RD @ N FORK TWELVE MILE CREEK,REF#PC10,,11332
35.3077,-83.1998,W CAROLINA UNIV,LONG BRANCH AND CULLOWHEE RIVER @ BRADLEY BUTTE ROAD,REF#JC1A,,9594
33.163333,-81.008333,4 Miles North of Ehrhardt,Long Branch Creek Floods Hwy 81,REF#BA3,,0
33.905685,-81.876984,MATHAIS CROSSROADS,LONG CANE & OLD CHAPELL RD ,REF#SL1,,0
35.7691,-81.7117,NW OF MORGANTON,LOST CORNER & BOST RDS @ WILSON CK,REF#BK6A,,5462
35.2226,-82.3148,MELROSE,LOW LYING AREAS ALONG BEAR CREEK ,REF#PK2,,9370
35.9141,-82.8671,SE ANTIOCH,LOWER  AND UPPER SHUT-IN ROAD @ SHUT-IN CREEK,REF#MS2A,,5677
34.7815,-82.2292,MAUDLIN,LYONS DR & MCKINNEY RD @ GRAZE CREEK,REF#GV18A (BLCS1),,12161
35.6444,-82.1093,E OF OLD FORT,LYTLE MTN RD @ CATAWBA RIVER,REF#MD3A,,6476
34.9304,-80.5163,SOUTH OF MONROE,MACEDONIA CHURCH ROAD AND MEDLIN ROAD @ BUCK BRANCH & LITTLE RICHARDSON CREEK ,REF#UNN7,,9794
35.5202,-83.1064,MAGGIE VALLEY,MAGGIE VALLEY @ JONATHAN CREEK,REF#HW3 (MGYN7 BANKFULL 6ft),,8010
35.1679,-81.9502,COOLEY SPRINGS,MAHAFFEY-COOLEY RD @ BUCK CREEK,REF#SP3,,9302
35.3749,-83.2164,SYLVA,MAIN & CALDWELL ST @ SCOTT'S AND COPE CREEKS & ALLEN BRANCH,REF#JC4,,8904
34.1669,-82.3685,ABBEVILLE,MAIN STREET AND CEDAR SPRING ROADS @ BLUEHILL CREEK,REF#AB1,,16456
34.945,-80.9934,ROCKHILL,MANCHESTER CREEK @ NORTH GARRISON ST,REF#YR11 (MCHS1),,10159
35.38148,-80.56957,CONCORD,MANOR AV NR 601...WILSHIRE AV @ JOURNEY ST,REF#CB3A,,6560
35.038,-82.5716,CLEVELAND,MARKER BEECH RD @ MIDDLE SALUDA RIVER ,REF#GV1A,,10815
34.5523,-82.2404,DUNKLIN,MARLER AND DUNKLIN BRIDGE ROADS @ REEDY RIVER,REF#GV23,,13566
35.7861,-82.6608,MARSHALL,MARSHALL FCST PT,MARN7,,6088
35.062,-81.844,MAYO,MAYO ROAD @ ISLAND CREEK,REF#SP4,,9989
35.11833,-80.80667,CHARLOTTE,MCALPINE CK @ COLONY RD FS 17ft,MCCN7 (CLT IFLOWS),,8814
35.17583,-80.71917,CHARLOTTE,MCALPINE CK @ IDLEWILD RD,MCIN7 (CLT IFLOWS),,8274
35.040833,-80.891667,CAMP COX,MCALPINE CK AT HARRISBURG RD SG,COXS1 (DCP),,0
35.2758,-80.8261,NEVIN PARK,MCARTHUR...NEVIN AND STARITA RDS @ IRWIN CK,REF#MK8,,7714
35.1025,-81.228,CLOVER,MCCONNELL STREET @ CALABASH CREEK,REF#YR3,,9371
35.3894,-80.9211,HUNTERSVILLE,MCDOWELL CRK FS 16ft,MCDN7 (CLT IFLOWS),,7066
35.3894,-80.9211,HUNTERSVILLE,MCDOWELL CRK FS 16ft,MCDN7 (CLT IFLOWS),,7162
35.14083,-80.82,CHARLOTTE,MCMULLEN CK @ SHARON VIEW RD FS 18ft,MCMN7 (CLT IFLOWS),,9210
34.9185,-82.9611,NE SALEM,MEADOWOOD DR- MACK LANE- MACK REID ROAD AND MEGEE ROAD  ,REF#OC1,,11935
34.7936,-81.7195,MEAN CROSSROADS,MEANSVILLE RD ALONG SPEAR CREEK ,REF#UNS1A,,11706
35.3954,-80.5856,WEST CONCORD,MELROSE DRIVE NR CALDWELL PARK,REF#CB3,,6560
35.2318,-82.7421,BREVARD,MILLS AVE- SILVERSTEEN DR- CASHIERS VALLEY ROAD @ BRUSHY CREEK,REF#TR1B,,9716
35.7325,-81.5757,VALDESE,MILTON RD & TEMPLE ST @ MCGALLIARD CK,REF#BK11,,5602
35.4322,-80.5917,WIL MAR PARK,MIRMAR ST NE IN BEVERLY HILLS PARK,REF#CB2,,6788
35.5817,-80.5739,CHINA GROVE,MITCHELL AVE  ALONG A  TRIB TO GRANTS CREEK  ALSO MILLS CREEK ,REF#RW2,,5720
34.845,-83.5879,LAKE BURTON,MOCCASIN CREEK ST PARK CAMPGRD @ MOCCASIN CRK,REF#RB7,,12697
35.8447,-80.6594,MOCKSVILLE,MOCKSVILLE FCST PT/RAIN GAGE,MCKN7/MKRN7,,4346
35.0084,-82.014,DODD HILL,MONKS GROVE CHURCH RD @ TRIB TO LAWSONS FK CK,REF#SP7,,10410
35.3206,-83.1835,CULLOWHEE,MONTEITH GAP ROAD @ CULLOWHEE AND TUCKASEGEE RVR ,REF#JC3A,,9363
35.3206,-83.1835,CULLOWHEE,MONTEITH GAP ROAD @ CULLOWHEE AND TUCKASEGEE RVR ,REF#JC3A,,9594
35.038,-82.6037,GARREN LAKE,MOODY BRIDGE ROAD NR TRIB TO south SALUDA RIVER,REF#PC8A,,10630
35.573,-80.5069,SSW SALISBURY,MOUNT HOPE CHURCH ROAD AND OLD CONCORD ROAD FLOODS @ CRANE CREEK,REF#RW4,,5748
35.5848,-80.5455,CHINA GROVE,MT HOPE CHURCH ROAD AND DELTA STREET @ TOWN CREEK,REF#RW3,,5668
35.0391,-82.2193,GRAMLING,MT LEBANON RD @ MIDDLE TYGER RVR,REF#SP5 (TYGS1),,10301
34.94435,-83.38807,MOUNTAIN CITY,"MTN CITY LARC (3""""/4hr FLDS HWY 441)",MTCG1,,12075
35.2367,-80.9022,TAGGART CREEK,MULBERRY CH RD & DENVER AVE @ TAGGART CK,REF#MK6 (HARN7),,8204
34.2155,-83.0194,BOWMAN,N BROAD STREET @ BEAVERDAM CREEK ,REF#EL1,,16877
35.7351,-81.3377,HICKORY,N CENTER STREET @ 1ST-2ND-3RD AVE URBAN FLOODING,REF#CT1,,5401
35.68333,-82.33306,WALKERTOWN,N FK SWANNANOA FLDS TRAILER PARK @ 7.5ft,NFSN7,,6344
35.1208,-81.9861,FINGERVILLE,N PACOLET FLDS HWY 14 BRIDGE NR LANDRUM @ 9.5ft,FNGS1,,9741
36.01222,-82.15472,BAKERSVILLE,N TOE RVR FLDS POLLY HOLLOW RD @ 3.5ft,CACN7,,4437
36.01222,-82.15472,BAKERSVILLE,N TOE RVR FLDS POLLY HOLLOW RD @ 3.5ft,CACN7,,4487
36.08333,-81.92861,NEWLAND,N TOE RVR NEARS BUILDINGS NR PINOLA ST @ 6ft,NTNN7,,3960
36.08333,-81.92861,NEWLAND,N TOE RVR NEARS BUILDINGS NR PINOLA ST @ 6ft,NTNN7,,4004
35.2611,-80.8065,DERITA CREEK PARK AREA,N TRYON RD & ATANDO AVE & GRAHAM & CRAIGHEAD RDS W SUGAR CK RD,REF#MK10 (LSTN7),,7917
35.3266,-80.7239,MALLARD CK,N TYRON ST (HWY 29)/ PAVILION BLVD @ MALLARD CREEK ,REF#MK3A (MCLN7),,7468
35.2755,-83.4789,BURNINGTOWN,NEEDMORE & LOWER BURNINGTOWN RD @ BURNINGTOWN CK,REF#MC7,,10076
35.3078,-82.4328,HENDERSONVILLE AIRPORT,NEW HOPE RD & SHEPHERD ST ALONG BAT FORK CREEK,REF#HN1 (BFCN7 BANKFULL @ 5ft),,8818
34.9864,-80.7431,N OF WAXHAW,NEW TOWN AND TWELVE MILE CREEK ROADS WILL FLOOD ,REF#UNN4,,9547
34.9864,-80.7431,N OF WAXHAW,NEW TOWN AND TWELVE MILE CREEK ROADS WILL FLOOD ,REF#UNN4,,9678
35.402,-82.6308,MILLS RIVER,NORTH & SOUTH MILLS RIVER RD ALONG MILLS RIVER,REF#HN9 (MRSN7 BANKFULL @ 7.5f,,8432
35.402,-82.6308,MILLS RIVER,NORTH & SOUTH MILLS RIVER RD ALONG MILLS RIVER,REF#HN9 (MRSN7 BANKFULL @ 7.5f,,8497
35.488,-81.2242,LINCOLNTON,NORTH HUSS ST @ TRIB TO WALKER BRANCH,REF#LN1B,,6737
34.940328,-82.054353,WELLFORD,NORTH TYGER,DAM,,10869
34.94,-82.0533,WELLFORD,NORTH TYGER RVR FS 30ft,WELS1,,10869
35.5272,-80.7789,4 se Mooresville,not much to fld in this area mainly farmland bridges are high,REF#IR7,,6049
35.5272,-80.7789,4 se Mooresville,not much to fld in this area mainly farmland bridges are high,REF#IR7,,6077
35.0212,-83.0012,BAD CREEK,NOTHING TO FLOOD,JOCASSEE GORGE,,11343
35.03,-82.94,OCONEE CO,NOTHING TO FLOOD,JOCASSEE GORGES,,11002
35.0633,-82.91605,TOXAWAY,NOTHING TO FLOOD GORGES ST PK,FOOTHILLS TRAIL,,10831
35.2756,-81.4486,W OF OAKGROVE,OAKGROVE RD & OTHER RDS @ BUFFALO & MUDDY FK CREEKS ,REF#CV3,,8213
35.2756,-81.4486,W OF OAKGROVE,OAKGROVE RD & OTHER RDS @ BUFFALO & MUDDY FK CREEKS ,REF#CV3,,8498
35.3907,-80.54,SE CONCORD,OLD AIRPORT RD @ LITTLE COLD WATER & COLD WATER CKS,REF#CB5,,6691
35.3907,-80.54,SE CONCORD,OLD AIRPORT RD @ LITTLE COLD WATER & COLD WATER CKS,REF#CB5,,6788
35.3893,-80.5137,SE CONCORD,OLD AIRPORT RD BETWEEN LEMMING DR & RED BIRD CIRCLE,REF#CB6,,6870
35.5318,-80.5304,china grove,old concord rd @ dutch buffalo ck,REF#RW12,,5944
35.589,-80.501,west of granite quarry,OLD CONCORD RD @TRIB TO CRANE CK,REF#RW16,,5748
35.096,-82.1103,LAKE BOWEN,OLD MILL RD @ HOLSTON CREEK,REF#SP2A (CAMS1),,10100
35.107727,-82.145934,campobello,old mill rd @ motlow cr ,REF#SP2 (CAMS1),,10094
35.1678,-83.4345,SW OF FRANKLIN,OLD MURPHY RD NR GIBSON COVE BRANCH & CARTOOGECHAYE RVR,REF#MC5,,10595
34.663146,-82.436428,Piedmont,old pelzer rd & w Georgia rd urban flooding,REF#GV21B,,12959
35.3179,-83.7883,ROBBINSVILLE,OLD SWEETWATER & OLD TALLULAH ROADS @ SWEETWATER & TULULA CREEKS,REF#GH4,,9615
36.0875,-81.931,NEWLAND,OLD TOE RIVER ROAD NR HIGHWAY 194 PONDING OF WATER,REF#AV5,,3960
34.9815,-81.9327,WHITNEY,OLD WHITNEY ROAD @ TRIB TO LAWSON'S FORK CREEK,REF#SP8,,10575
35.017696,-81.004772,TEGA CAY,only bridge to Fewell Island (camp Canaan) will be flooded ,REF#YR7 (FOMS1),,9618
34.573,-83.1188,lake hartwell,OVR 4 IN FLOODS DR JOHNS- MULLINS FORD AND LENDERS RDS,REF#OC6A,,14289
34.573,-83.1188,lake hartwell,OVR 4 IN FLOODS DR JOHNS- MULLINS FORD AND LENDERS RDS,REF#OC6A,,14356
35.9233,-80.3863,S OF ADVANCE,PALOMINO AND PEOPLES CREEK RDS @ PEOPLES CREEK,REF#DV3,,3764
35.6362,-82.1434,NE OF OLD FORT,PARKER PADGETT & OAKDALE RDS @ CATAWBA RVR,REF#MD3,,6566
34.6519,-81.95978,SE WOODRUFF,PARKER RD AND HIGHWAY 221 @ MOUNTAIN SHOALS - ENOREE RVR ,REF#SP12,,12762
34.102,-82.3537,PARSONS MTN LAKE,PARSONS MTN CAMPGRD,REF#AB3,,17045
34.883,-82.4244,GREENVILLE,partly greenway- W BLUE RIDGE DR & OLD BUNCOMBE RD @ LANGSTON CK,REF#GV4,,11591
36.0453,-80.9597,UNION GROVE,PASTURE BOTTOM AND BRUSHY CREEKS @ HWY 115,REF#IR3,,3418
35.8769,-82.2021,N OF CELO,PATIENCE MULLENDORE AND OTHER CAMPGROUNDS WILL FLOOD,REF#YN3,,5020
34.8759,-82.7443,PICKENS,PICKENS JOCKEY LOT @ 12 MILE CREEK,REF#PC1C,,11922
36.0653,-82.2934,PETERSON,PIGEON ROOST ROAD @ N TOE RIVER,REF#ML7A,,4208
35.52189,-82.84744,CANTON,PIGEON RVR FCST PT,CTPN7,,7841
35.3723,-81.361,CHERRYVILLE,PINE & MAUNEY AVENUE @ BEAVERDAM CREEK  WATER MAY SURROUND SOME APARTMENTS. ,REF#GS1,,7611
35.3001,-80.9738,LONG CREEK,PINE FOREST RD & PINE ISLAND DRIVE @ LONG CK,REF#MK4 (LRYN7),,7747
35.4984,-80.6477,KANNAPOLIS,PINE ST KANNAPOLIS VILLAGE REST HOME @ IRISH BUFFALO CREEK,REF#CB8,,6226
34.8167,-82.5906,EASLEY,PINEWOOD DRIVE @ BRUSHY CK,REF#PC4B,,12298
34.063752,-81.14913,nw columbia,piney grove rd floods with hvy rain.,REF#LX1,,0
34.807,-82.3959,greenville,PLEASANT RIDGE AND CHAPMAN RD,REF#GV13,,12176
35.08,-80.9522,FORT MILL,PLEASANT ROAD @ STEELE CREEK,REF#YR8A,,9121
34.5578,-83.5787,CORNELIA,PONDING OF WATER ON CANNON BRIDGE ROAD,REF#HB2,,14658
34.6912,-81.1988,chester,poor draingage area COLUMBIA RD @ J A COCHRAN ,REF#CS7,,11983
34.7987,-82.5887,EASLEY,POPE FIELD ROAD AND PEOPLES DRIVE OVER BIG BRUSHY CREEK,REF#PC4,,12298
34.921558,-82.223992,greer,Poplar Place apartments @ maple creek ,REF#GV10,,11021
35.408,-80.6751,W OF CONCORD,POPLAR TENT/WELLINGTON/HWY 29/ROCKHILL CHURCH RDS @ CODDLE CK,REF#CB15,,6812
35.6957,-80.4762,N OF SALISBURY,PRESCOTT DRIVE AND OLD MOCKSVILLE ROAD,REF#RW11,,5055
35.6071,-83.031,COVE CREEK,PRIVATE BRIDGES WILL FLOOD @ COVE CREEK  3 INCH IN ONE HOUR. ,REF#HW1,,7422
35.5649,-83.0482,JONATHAN ,PRIVATE BRIDGES WILL FLOOD @ HEMPHILL CREEK  3 INCH IN ONE HOUR. ,REF#HW2 (MAGN7),,7734
35.0875,-81.6483,EAST GAFFNEY,PROVIDENCE RD ALONG PROVIDENCE BRANCH  ,REF#CK5,,9655
36.1721,-81.9166,ELK VALLEY,PUCKETT RD NEAR ELK RIVER NEAR HIGHWAY 194,REF#AV2A,,3541
34.8277,-82.4965,POWDERSVILLE,QUAIL HAVEN SUBDIVISION @ LITTLE GEORGES CK GSLS1 will be ard 9 ft,REF#PC5,,11977
34.8277,-82.4965,POWDERSVILLE,QUAIL HAVEN SUBDIVISION @ LITTLE GEORGES CK GSLS1 will be ard 9 ft,REF#PC5,,12108
35.2348,-82.7323,BREVARD,QUEENS FAMILY CARE HOME AND DUCKWORTH TRAILER PARK,REF#TR1,,9705
35.1669,-80.8328,CHARLOTTE,RAIN/STREAM GAGES,TBCN7/ALGN7/BRUN7,,8271
35.9629,-81.0812,TAYLORSVILLE,RAMIE MITCHELL RD,REF#AX4,,4043
35.57775,-83.26143,CHEROKEE,RAVEN FORK FLOODS BIG COVE RD @ 6ft,CTFN7,,7556
34.7508,-80.9531,edgemoor,raxter rd (low water crossing) floods every time it rains hard. LOCATED @ tinkers ck headwaters.. know urban flding,REF#CS6,,11300
33.55,-82.316,APPLING,RAY OWENS RD @ HARRIS BRANCH,REF#CO2,,0
36.0407,-82.2289,BAKERSVILLE,RED HILL AND HARRELL HILL ROADS @ BIG ROCK AND LITTLE ROCK CREEKS,REF#ML6,,4341
34.5969,-81.461,CARLISLE,RED POINT & RIVER ROADS OVER COX'S CREEK,REF#UNS5,,12751
35.7956,-82.7172,W MARSHALL,REDMON ROAD @ FRENCH BROAD RIVER,REF#MS12A,,6057
34.6528,-82.2978,FORK SHOALS,REEDY @ HWY 418 BANKFULL 10ft,SIMS1,,13086
35.2586,-80.6628,PINE RIDGE,REEDY CK NEAR ROAD BRIDGE @ 13ft,RDCN7 (DCP),,7880
35.2539,-80.6481,WILGROVE,REEDY CRK BR RD FLDS @ 8ft ,MKCN7 (DCP),,7807
35.6934,-80.5251,NW SALISBURY,REST HOME ON LASH DRIVE WILL FLOOD,REF#RW10,,5211
35.09467,-80.76123,SW OF MATHEWS,REVERDY OAKS/ IVERLEIGH/ STEVENS RIDGE RDS @ 4 MILE CREEK,REF#MK25,,8869
35.4892,-82.999,WAYNESVILLE,RICHLAND CREEK NEARS STRUCTURES @ 4.5ft,RLCN7,,8171
34.8239,-82.7453,WEST OF LIBERTY,RIGGINS BRIDGE ROAD OVER 12 MILE CREEK,REF#PC2,,12291
35.2871,-82.0293,COX STORE,RIVER CREST PARKWAY & SANDY PLAINS ROAD  @ GREEN RIVER,REF#PK5,,8658
34.7082,-82.4671,PIEDMONT,RIVER DRIVE @ LITTLE BRUSHY CK  & CRAVENS CK & RIVER RD,REF#AN4,,12696
35.664,-81.5864,N OF PLEASANT GROVE,RIVER RD & WALKER CHAPEL RD @ HENRY FORK RVR,REF#BK12,,6080
34.7218,-81.4854,EAST OF UNION,RIVER RD OVER GREGORY'S & BROWN CREEKS,REF#UNS4,,11951
34.7218,-81.4854,EAST OF UNION,RIVER RD OVER GREGORY'S & BROWN CREEKS,REF#UNS4,,11970
35.9149,-82.8501,HOT SPRINGS,RIVER ROAD NORTH OF TOWN @  FRENCH BROAD RIVER,REF#MS2,,5524
34.5024,-82.0085,LAURENS,RIVER WALK IN PARK- HILLCREST- N HARPER AND GORDON STREETS @ LITTLE RIVER,REF#LR1,,13885
34.9793,-80.9935,NE ROCK HILL,RIVERVIEW RD @ TRIB TO CATAWBA RIVER ,REF#YR9,,9774
35.9273,-80.4225,ADVANCE ,ROADS ALONG CARTERS CREEK,REF#DV2,,3783
35.9913,-81.5586,PATTERSON,ROADS NEAR PATN7 WILL FLOOD @ 5ft,REF#CD8,,4049
34.9739,-82.3859,TRAVELERS REST ,ROBERTSON WAY & MOSTERILLO ROAD @ BEAVERDAM CREEK,REF#GV2B,,11040
35.3137,-80.6569,S HARRISBURG,ROBINSON CHURCH & STALLINGS RD  @ BACK CREEK,REF#CB12 (BKCN7 9 ft),,7497
35.1883,-83.0619,BIG RIDGE,ROBINSON CK FLOWS TO BEAR CRK RESERVOIR,IRCN7 - NOTHING TO FLOOD,,9795
34.5166,-83.0448,W OF FAIR PLAY,ROCK CREEK RD @ FAIR PLAY CK ,REF#OC7,,14588
35.7805,-82.2066,S OF HAMRICK,ROCK CREEK RD @ SOUTH TOE RIVER,REF#YN1A,,5775
35.7805,-82.2066,S OF HAMRICK,ROCK CREEK RD @ SOUTH TOE RIVER,REF#YN1A,,5801
35.7805,-82.2066,S OF HAMRICK,ROCK CREEK RD @ SOUTH TOE RIVER,REF#YN1A,,5948
34.2167,-82.16886,GREENWOOD,ROCKY CREEK FS 10ft,RYCS1 (LARC),,16079
35.6136,-81.2899,E OF BLACKBURN,ROCKY FORD RD @ S FORK CATAWBA RIVER,REF#CT5,,5987
35.3146,-80.5885,E OF HARRISBURG,ROCKY RIVER RD & ROCKY RVR @ BACK CK,REF#CB13,,7368
35.84502,-81.79204,TABLE ROCK,ROSE CREEK @ ROSE CREEK CAMPGROUND,REF#BK2A,,4975
34.927038,-81.936786,S SPARTANBURG,S CHURCH & S IRWIN AVE @ FAIRFOREST CK,REF#SP9A,,10883
35.28528,-81.10111,LOWELL,S FK CATAWBA FLOODS RIVERSIDE PK @ 9.0 ft,LOWN7,,8031
35.2036,-80.8369,MEDICAL CENTER CLT,S KINGS DR & BLYTHE AVE @ LITTLE SUGAR CK,REF#MK16 (LSMN7),,8001
34.17444,-81.86417,CHAPPELLS,SALUDA RVR AT CHAPPELLS,CHAS1 (CAE FCST PT),,0
36.0486,-82.3357,N OF PETERSON,SAM'S BRANCH & HUNTDALE ROADS  @ N TOE RIVER,REF#ML7,,4503
35.0961,-80.6817,STALLINGS,SARDIS CH- SECREST SHORTCUT AND STALLINGS RD @ NORTH FORK CROOKED CREEK  ,REF#UNN1,,8803
35.1378,-80.7675,MCALPINE CK,SARDIS RD @ MCALPINE CK,REF#MK24 (MALN7),,8633
35.1378,-80.7675,MCALPINE CK,SARDIS RD @ MCALPINE CK,REF#MK24 (MALN7),,8680
35.6218,-81.6297,S OF MORGANTON,SAWTOOTH TRAIL CAMPGRD @ LITTLE RIVER,REF#BK17,,6291
34.8696,-81.6324,JONESVILLE,SC HWY 114 BOBBY FAUCETT RD ALONG SANDY RUN CK ,REF#UNS2A,,11035
35.1896,-80.8164,MYERS PARK,SCOTLAND AVE & MUSEUM DR @ BRIAR CK,REF#MK14 (BRPN7/BCLN7),,8271
34.0885,-82.5805,CALHOUN FALLS,SENECA STREET AND ALONG HIGHWAY 72  DEEP PONDING OF WATER,REF#AB6,,17334
35.8256,-82.219,NW HAMRICK,SEVERAL PRIVATE DRIVES ALONG WHITEOAK CREEK ,REF#YN2,,5484
35.2267,-81.7852,SOUTHEAST CORNER,SEVERAL ROADS @ BIG HORSE CK AND BROAD RIVER,REF#RT6,,9052
34.8835,-82.7074,PICKENS,SEVERAL ROADS IN TOWN PONDING OF WATER ,REF#PC1,,11765
34.8835,-82.7074,PICKENS,SEVERAL ROADS IN TOWN PONDING OF WATER ,REF#PC1,,11781
34.883,-82.7362,W PICKENS,SHADY GROVE RD OVER TOWN CREEK,REF#PC1B,,11765
35.237,-80.773,METHODIST HOME PARK,SHAMROCK /JENNIE LYNN/ PURSER DRIVES @ BRIAR CK,REF#MK12 (SMRN7/FRTN7),,7985
35.9418,-81.072,N OF HIDDENITE,SHARPE MILL & QUERY RDS @ S YADKIN RIVER,REF#AX3,,4043
35.2033,-80.7722,SE CLT,SHEFFIELD /WOODLAND DR @ EDWARDS BRANCH,REF#MK15 (EBSN7),,8289
35.7949,-81.9006,TABLE ROCK,SHOALS CREEK WILL FLOOD PARKS DRIVE,REF#BK1,,4916
35.635,-82.471,RICEVILLE,SHOPE CREEK AND BULL CREEK ROADS @ BULL & SHOPE CREEKS ,REF#BC1A,,6645
35.635,-82.471,RICEVILLE,SHOPE CREEK AND BULL CREEK ROADS @ BULL & SHOPE CREEKS ,REF#BC1A,,6712
35.635,-82.471,RICEVILLE,SHOPE CREEK AND BULL CREEK ROADS @ BULL & SHOPE CREEKS ,REF#BC1A,,6790
35.3755,-82.2135,N OF LAKE ADGER,SILVER CREEK- PALMER AND LAUGHTER RD @ BRITTEN & ROTTEN CKS,REF#PK1,,8269
35.5882,-82.1708,S OF OLD FORT,SILVER WELCH ROAD NEAR BAT CAVE ROAD @ LITTLE & BIG CROOKED CREEKS,REF#MD2,,7039
35.6343,-82.1952,NW OLD FORT,SIMMONS ROAD @ MILL CREEK,REF#MD1,,6607
35.01036,-80.82854,MARVIN,SIX MILE CK FS 16ft,SIXN7 (DCP/IFLOWS),,9417
35.01036,-80.82854,MARVIN,SIX MILE CK FS 16ft,SIXN7 (DCP/IFLOWS),,9499
35.4773,-81.2619,WEST LINCOLNTON,SKIP LAWING DRIVE @ TRIB TO CLARKS CREEK,REF#LN1,,6959
35.2284,-82.2326,TRYON,SKYUKA/LYNN/MCCALL/CAPPS RDS @ SKYUKA & FORK CREEKS,REF#PK3B,,9272
33.4972,-81.0308,W OF ORANGEBURG,SLAB LANDING ROAD @LOCAL CK,REF#OR03,,0
34.9686,-81.7491,SE COWPENS,SOAPSTONE ROAD @ MARTIN BRANCH & GOUCHER CREEK,REF#CK6,,10508
34.6186,-83.5289,CLARKESVILLE,SOQUE RVR FLOODS PARK JUST BELOW HWY 197,REF#HB1A (CSQG1),,14247
35.0673,-82.5699,CLEVELAND,SOUTH BLYTHE SHOALS & TALLEY BRIDGE RDS & hwy 276 @ SOUTH SALUDA RIVER ,REF#GV1,,10477
35.6895,-81.8898,EAST OF MARION,SOUTH CREEK ROAD @ NORTH MUDDY CREEK,REF#MD5,,6089
35.6895,-81.8898,EAST OF MARION,SOUTH CREEK ROAD @ NORTH MUDDY CREEK,REF#MD5,,6174
35.10944,-80.85917,SOUTH CHARLOTTE,SOUTH MECK HS RAINGAGE,SMEN7 (CLT IFLOWS),,8651
35.10944,-80.85917,SOUTH CHARLOTTE,SOUTH MECK HS RAINGAGE,SMEN7 (CLT IFLOWS),,9210
35.5909,-81.6786,south of morganton,south MTN st park campgrnd @ murray branch,REF#BK15,,6520
35.867,-82.1734,E OF CELO,SOUTH TOE R ALONG HALLS CHAPEL RD,REF#YN3A,,5020
35.0116,-83.3791,N OF ORLANDO  ,SOUTH TRYPHOSA AND SAM CORN RD @ LITTLE TN RVR,REF#MC2,,11511
35.0116,-83.3791,N OF ORLANDO  ,SOUTH TRYPHOSA AND SAM CORN RD @ LITTLE TN RVR,REF#MC2,,11603
35.7874,-81.7265,NW OF MORGANTON,SPAINHOUR ROAD @ WARRIOR FORK CREEK,REF#BK6,,5271
35.7874,-81.7265,NW OF MORGANTON,SPAINHOUR ROAD @ WARRIOR FORK CREEK,REF#BK6,,5370
35.7448,-81.2925,NE OF HICKORY,SPRINGS ROAD,REF#CT2A,,5051
35.7448,-81.2925,NE OF HICKORY,SPRINGS ROAD,REF#CT2A,,5427
34.9345,-81.0644,ROCK HILL,SQUIRE RD & MCCONNELLS HWY @ WILDCAT CK,REF#YR10,,10103
36.066376,-81.987491,ROARING CREEK,squirrel creek and roaring creek rds flood,REF#AV4A,,4095
33.977656,-80.95722,COLUMBIA,ST FLDING GARNERS FERRY AND TRUE RDS,REF#RL2,,0
35.6057,-80.4798,GRANITE QUARRY,ST PAUL CHURCH RD @ CRANE CREEK,REF#RW5,,5550
34.9922,-80.5419,MONROE,STAFFORD ROAD @ BEARSKIN CREEK 1.5 OR MORE IN 1 HR,REF#UNN6,,9418
34.9882,-80.5563,MONROE,STAFFORD ST & CHARLOTTE AVENUE AND OTHER STREETS  @ BEARSKIN CREEK ,REF#UNN6A,,9418
35.275833,-80.826111,CHARLOTTE,STARITA RD RAINGAGE,SRTN7 (IFLOWS),,7714
35.105,-80.9536,CHARLOTTE,STEELE CK FLD STG 9.5ft,STSN7 (CLT IFLOWS),,8830
35.872777,-81.793771,STEELS CREEK,STEELS CK FLDS STREAMSIDE DR,REF#BK2B,,4859
35.2353,-80.86616,CHARLOTTE,STEWART CREEK STREAMGAGES,STEN7/SMON7,,8086
34.6246,-81.3244,EAST OF CARLISLE,STONE ROAD @ LITTLE SANDY RIVER,REF#CS4,,12496
34.6246,-81.3244,EAST OF CARLISLE,STONE ROAD @ LITTLE SANDY RIVER,REF#CS4,,12532
35.3605,-80.6294,N OF HARRISBURG,STOUGH RD @ WOLFMEADOW CK,REF#CB16,,7018
35.3605,-80.6294,N OF HARRISBURG,STOUGH RD @ WOLFMEADOW CK,REF#CB16,,7062
35.578889,-83.242778,Cherokee,STRAIGHT FK CK FS 9ft,SFKN7 (IFLOWS),,7462
35.13972,-80.91111,CHARLOTTE,SUGAR CK NEARS BLDGS @ 13ft,AWRN7 (CLT IFLOWS),,8451
35.6363,-81.5789,SE MORGANTON,SUGAR LOAF AND ROCK FALLS RD @ ROCK CREEK,REF#BK13,,5989
35.3231,-80.9011,CHARLOTTE,SUNSET RD USPS RAINGAGE,SUSN7 (CLT IFLOWS),,7550
35.3231,-80.9011,CHARLOTTE,SUNSET RD USPS RAINGAGE,SUSN7 (CLT IFLOWS),,7596
34.0298,-81.0367,N COLUMBIA,SUNSETHwy I-277 south bound and Sunset Drive,REF#RL4,,0
35.3667,-83.2203,SYLVA,"SYLVA IFLOWS 2""""/2hr MINOR FLDG",SKMN7,,9019
35.3667,-83.2203,SYLVA,"SYLVA IFLOWS 2""""/2hr MINOR FLDG",SKMN7,,9047
34.79407,-83.42661,LAKEMONT,takes ard 4 in /1.5 hrs TIGER CREEK FLOODS RAMEY ROAD,REF#RB9A,,12978
34.79407,-83.42661,LAKEMONT,takes ard 4 in /1.5 hrs TIGER CREEK FLOODS RAMEY ROAD,REF#RB9A,,13008
34.7418,-83.3979,TALLULAH FALLS LAKE,TALLULAH GORGE ST PARK CAMPGRD @ SLAUGHTER PEN BRANCH,REF#RB9,,13104
34.9234,-82.3304,TAYLORS,TANNER & REID SCHOOL RDS @ MOUNTAIN CREEK,REF#GV6,,11330
34.8107,-82.269702,nw five forks,tanner rd & burdock way urban flooding,REF#GV16A,,12196
35.0107,-80.4247,NW OF MARSHVILLE,TAYLORS STREET @ MONROE ANSONVILLE ROAD,REF#UNN8,,9040
35.9331,-81.1919,NW OF TAYLORSVILLE,TERRACE LAWN DR NR HWY 16 @ MUDDY CREEK ,REF#AX2,,4285
35.5365,-82.8756,CLYDE,THICKETY AND BEAVER ROADS FLOOD WITH VERY HEAVY RAIN ,REF#HW4 (CNNN7),,7679
35.6964,-83.219,smokey mtn  nat park,this area & north to TN line nothing to flood,REF#HW7,,6855
34.8967,-82.4211,SANS SOUCI  ,TINDAL & LANGSTON DR DEEP PONDING OF WATER,REF#GV4A,,11591
35.112,-81.6584,LAKE WHELCHEL,TRAILER PARK NR CHEROKEE CREEK,REF#CK4,,9456
34.2311,-82.652,LOWNDESVILLE,TREE FARM NR CHARLES CK      ,REF#AB5,,16374
35.380224,-80.39645,SE OF MT PLEASANT,TRIB TO LITTLE BEAR CK FLDS HAHN-SCOTT RD NR LAMBERT RD,REF#CB9C,,6744
34.9428,-80.9777,ROCK HILL,TRIB TO MANCHESTER CREEK SEVERAL ROADS,REF#YR11A (MCHS1),,10117
34.9428,-80.9777,ROCK HILL,TRIB TO MANCHESTER CREEK SEVERAL ROADS,REF#YR11A (MCHS1),,10159
34.5353,-81.5483,DELTA,TYGER RIVER FS 30ft,DTAS1,,13279
35.0686,-80.5981,STALLINGS,UNIONVILLE-INDIANTRAIL- SECREST SHORTCUT AND LAWYERS RD @ SOUTH FORK CROOKED CREEK  ,REF#UNN3,,9039
35.863561,-81.786475,UPPER CREEK,UPPER CRK FLDS LOW LYING AREAS,REF#BK2C,,5021
35.5005,-82.7069,GLADY AREA,UPPER GLADY FORK RD @ SOUTH HOMINY CK,REF#BC8,,7834
33.62,-81.8239,NW OF AIKEN,URBAN FLD exit 22 ramp on I-20 ,REF#AK2,,0
33.296667,-81.035278,BAMBERG,URBAN FLD HWY 78 IN BAMBERG ,REF#BA4,,0
35.101558,-81.761462,Gaffney,Urban fldg on Shady Grove Rd near NW Elementary,REF#CK8,,9642
35.101558,-81.761462,Gaffney,Urban fldg on Shady Grove Rd near NW Elementary,REF#CK8,,9850
33.9535,-80.992,COLUMBIA,URBAN FLDING Bluff Road and South Beltline ,REF#RL5,,0
34.861382,-82.320058,Greenville,urban flding hudson & prestige pl and pelham rd,REF#GV12A,,11767
34.9548,-82.375,east of travelers rest,URBAN FLDING KIMBERLY DR & ST PARK RD,REF#GV2A,,11040
34.821836,-82.466176,w greenville,URBAN FLDING OLD EASLEY BRIDGE RD & SHELTON ROAD,REF#GV26,,12114
34.821836,-82.466176,w greenville,URBAN FLDING OLD EASLEY BRIDGE RD & SHELTON ROAD,REF#GV26,,12167
34.825394,-82.189415,GREER,URBAN FLDING ON S BENNETTS BRIDGE RD & KNOB CREEK CT NEAR COUNTY LINE.,REF#GV27,,11864
34.80449,-82.3679,5 s greenville,urban flooding on Crosby circle and mayo dr,REF#GV14 (REEDY NEAR I-85/GVRS,,11916
35.040749,-81.106696,west of Tega Clay ,urban flooding SC274 x NR ALLISON CREEK BRIDGE,REF#YR5,,9495
34.8965,-82.3135,taylors,urban flooding with hvy rain on brushy creek road nr stockton st,REF#GV25,,11355
34.8965,-82.3135,taylors,urban flooding with hvy rain on brushy creek road nr stockton st,REF#GV25,,11597
35.7767,-82.6481,S OF MARSHALL,US 25 BUSINESS & MASHBURN HILL RD @ IVY CREEK,REF#MS10,,6088
35.7767,-82.6481,S OF MARSHALL,US 25 BUSINESS & MASHBURN HILL RD @ IVY CREEK,REF#MS10,,6112
35.9974,-81.8289,NNW of KAWANNA,USFS LAND...HARPER CK FLOWS TO WILSON CK...JUST USFS ROADS TO FLD.,REF#AV7,,4337
35.5462,-81.9562,VEIN MTN,VEIN MTN AND POLLY SPOUT RDS @ 2ND BROAD RVR & BARKERS CK,REF#MD6,,6992
35.4678,-80.7903,HOPEWELL,W BR ROCKY RVR ACTION STG 12.5ft,WBRN7 (DCP),,6590
35.07,-80.71,Stallings,w fk of 12 mile ck flds chestnut lane takes 1.5+ in 2hr.,REF#UNN11,,9112
35.4894,-80.7922,CORNELIUS,W FK SUBSTN RAIN GAGE,SHRN7 (CLT IFLOWS),,6267
35.4894,-80.7922,CORNELIUS,W FK SUBSTN RAIN GAGE,SHRN7 (CLT IFLOWS),,6430
35.5873,-81.2375,NE OF MAIDEN,W MAIDEN RD @ CLARK & PINCH GUT CREEKS,REF#CT4,,6264
35.000648,-81.074295,NEWPORT,W OAK DR@ BIG DUTCHMAN CK UPSTREAM OF BDMS1,REF#YR6,,9888
34.8935,-82.2503,GREER,W SUBER-HAMMETT BRIDGE-DILLARD-GIBBS SHOAL RDS @ ENOREE RIVER,REF#GV11,,11501
35.0992,-83.5494,RAINBOW SPRINGS,WALLACE GAP RAINGAGE NR NANTAHALA RVR WHITEWATER RAFTING,REF#MC8 (WLGN7),,11106
35.7544,-80.8956,STATESVILLE,WALLACE SPRINGS RD @ 3RD CK homes along cara ln,REF#IR1,,5009
34.6567,-83.0511,BROCK,WATER ON SEED FARM ROAD @ CONEROSS CK,REF#OC3A,,13714
34.836949,-80.791655,JACKSON,WAXHAW CK ACTION STG @ 10ft,WXCN7 (DCP),,10505
35.17028,-80.78566,MCMULLEN CREEK,WEB CAM ROAD BEEN RAISED LINCREST PL & ADDISON DR @ MCMULLEN CK,REF#MK20 (MLIN7),,9210
35.0821,-81.6687,GAFFNEY,WEST BUFORD STREET @ TRIB OF IRENE CK,REF#CK5A,,9759
34.9822,-80.5294,MONROE,WEST PARK DR-  CURTIS RD & SUTHERLAND AVE @ RICHARDSON CREEK,REF#UNN6C,,9358
34.8035,-81.7478,MEAN CROSSROADS,WEST SPRINGS HWY ALONG MCCLURE CREEK,REF#UNS1,,11794
35.4639,-80.8764,CORNELIUS,WESTMORELAND RD RAIN GAGE,WMLN7 (CLT IFLOWS),,6640
36.011,-82.2421,REDHILL,WHITSON BRANCH ROAD @ NORTH TOE RIVER,REF#ML4,,4589
33.4919,-80.8257,ORANGEBURG,WHITTAKER RD @ LOCAL CK,REF#OR2,,0
35.76,-82.99,ne corner haywood county,Wildlife /forest area nothing to flood here use FLS,REF#HW12,,6630
35.8,-82.91,NW CORNER MADISON COUNTY,WILDLIFE AREA/FOREST NOTHING TO FLOOD HERE USE FLS,REF#MS14,,6140
35.242,-80.974,PAW CREEK,WILKINSON BLVD & JOYELAND CIRCLE @ PAW CREEK,REF#MK5 (PAWN7),,8012
35.163,-80.7934,MCMULLEN CREEK,WILLHAVEN DRIVE AREA @ MCMULLEN CK,REF#MK20b,,9210
35.0008,-80.9473,FORT MILL,WILLIASMSON & PATTERSON ST @ MOONEYS HILL AND LEROY BRANCHES,REF#YR8,,9805
35.898598,-81.715708,SW COLLETTSVILLE,WILSON CK FLOODS BROWN MOUNTAIN BEACH RD @ ADAKO ROAD,REF#CD3,,4591
35.964947,-81.759288,MORTIMER,WILSON CK MAY FLOOD KILLIANS CAMPGROUND,REF#CD2A,,4442
36.00139,-81.77389,EDGEMONT,WILSON CRK FLDS ROAD @ 8ft,EGMN7,,4034
36.00139,-81.77389,EDGEMONT,WILSON CRK FLDS ROAD @ 8ft,EGMN7,,4321
35.2437,-82.6989,PISGAH FOREST ,WILSON ROAD @ FRENCH BROAD RIVER,REF#TR2 (PFTN7/BVDN7),,9508
35.2697,-82.9703,WOLF MOUNTAIN,WOLF CREEK FLOWS TO RESERVOIR,IWCN7 - NOTHING TO FLOOD,,9383
35.949,-82.522,WOLF LAUREL,WOLF LAUREL BRANCH FLDS WOLF LAUREL RD,REF#MS7A,,4992
35.9116,-82.2117,MICAVILLE,WYATT TOWN RD @ AYLES & LITLLE CRABTREE CREEKS AND HIGHWAY 80 & ST RD 1307,REF#YN4,,5060
35.856667,-80.386944,YADKIN COLLEGE,YADKIN RVR @ YADKIN COLLEGE,YADN7 (RAH FCST PT),,4030
35.856667,-80.386944,YADKIN COLLEGE,YADKIN RVR @ YADKIN COLLEGE,YADN7 (RAH FCST PT),,4177
35.701,-81.6223,SE OF MORGANTON,ZERO MULL RD @ PRONE CREEK,REF#BK9,,5844
